,aa,lr,svm,knn,rf,text,gold,bert
100459,Evia,Λέσβος,Λέσβος,Λέσβος,Κύπρος,"Τι με μέλλει εμένα, για του Χατζιαλή τ' άρνια;",Θεσπρωτία,Θεσπρωτία
109640,Evia,Θράκη,Εύβοια,Ανατολική Θράκη,Ήπειρος,Ένα χρόνο κ' ένα μήνα έκαμ' ένα αδράχτι νήμα,Ανατολική Θράκη,Εύβοια
71246,Ioannina,Λέσβος,Λέσβος,Λέσβος,Λέσβος,Τι' κάν'ς Γιώργον; -Σκαντοχερία κάνου,Αιτωλία,Ιωάννινα
99588,Pontos,Πόντος,Πόντος,Κύπρος,Σκύρος,Άθρωπον το μαθάν' τσετίνεα απομαθάν',Πόντος,Πόντος
76332,Rodos,Ρόδος,Ρόδος,Ρόδος,Σκύρος,Τίσε μέλει που το πατσανά το χαψί γη λίον είναι γη πολύ;,Κάρπαθος,Κρήτη
21925,Epirus,Αμοργός,Αμοργός,Θράκη,Αμοργός,Εμπρός από τον διάβολον τρείς μέρες γεννημένος,Αμοργός,Αμοργός
52380,East Thrace,Μικρά Ασία,Ανατολική Θράκη,Λέσβος,Κρήτη,"Το κατσίκι έχει τη νουρά ψηλά και όταν πνιγή, τελευταία θα πνιγή η νουά του",Αχαΐα,Λακωνία
24786,Naxos,Αμοργός,Αμοργός,Αμοργός,Αμοργός,Όνειρον είδες που δεν ξεδιαλύνει,Αμοργός,Αμοργός
20448,Naxos,Αμοργός,Αμοργός,Αμοργός,Ιωάννινα,Ανάθεμα που πίστευγε στων αδερφιών τ' αμάχι,Αμοργός,Κεφαλληνία
71049,Rodos,Ιωάννινα,Ρόδος,Ήπειρος,Αιτωλία,Στου κασσιδιάρ' του κεφάλ' ούλοι μπαρμπέρ' δες βγαίνουν,Λακωνία,Ιωάννινα
38690,Achaia,Ανατολική Θράκη,Ανατολική Θράκη,Ανατολική Θράκη,Ανατολική Θράκη,"Εχάσαμε τα μάτια, θα φυλάξουμε τ΄ αφρύδια;",Αρκαδία,Ανατολική Θράκη
99461,Epirus,Ανατολική Θράκη,Ήπειρος,Ήπειρος,Ανατολική Θράκη,"Σε γύρευα με το κερί, σε βρήκα με τον ήλιο",Ιωάννινα,Ανατολική Θράκη
22087,Arcadia,Κρήτη,Κρήτη,Κρήτη,Σκύρος,Εσύ σαι δάσκαλος των δασκάλων,Αμοργός,Αμοργός
101843,Etolia,Λέσβος,Λέσβος,Αιτωλία,Ιωάννινα,Σα δε σ' αρέσ' πάρ' τ' βόλτα σου,Σκύρος,Σκύρος
116210,Asia Minor,Ανατολική Θράκη,Ανατολική Θράκη,Λακωνία,Ανατολική Θράκη,Τρώγω τη θάλασσα με το χουλιάρ',Μικρά Ασία,Θράκη
37270,Achaia,Αχαΐα,Αρκαδία,Κεφαλληνία,Αχαΐα,Το κάθε πράμα είναι στην αζά του,Ρόδος,Ανατολική Θράκη
23554,Evia,Σκύρος,Ρόδος,Ρόδος,Σκύρος,Με ξέναις έννοιες γερνάς,Αμοργός,Θράκη
76598,Crete,Αμοργός,Αμοργός,Κρήτη,Αμοργός,Μη πιστεύγης των εμμαντιών σου,Κάρπαθος,Αμοργός
48588,Heptanese,Ήπειρος,Αχαΐα,Επτάνησος,Αχαΐα,Η ζωή του κρέμεται σε μια κλωνά!,Αχαΐα,Αχαΐα
40464,Maced.,Ανατολική Θράκη,Ανατολική Θράκη,Ανατολική Θράκη,Ανατολική Θράκη,Τον έβαλε να βγάλη τ' αναμμένα κάρβουνα από τη στάχτη,Αρκαδία,Ανατολική Θράκη
114392,Heptanese,Επτάνησος,Μακεδονία,Επτάνησος,Αμοργός,Νηστεύ' ο δούλος του Θεού;  Νηστεύ' όταν δεν έχη,Μακεδονία,Ανατολική Θράκη
87453,Rodos,Ρόδος,Ρόδος,Κεφαλληνία,Θράκη,Παλιός ο ράφτης μακρυά η κλωστή του,Λακωνία,Ρόδος
1418,East Thrace,Κύπρος,Ανατολική Θράκη,Κύπρος,Κύπρος,"Σ'ακά, σ'ακά, μπομ σ'ακά",Ήπειρος,Πόντος
15441,Crete,Νάξος,Νάξος,Νάξος,Νάξος,Η αμαρτία θάνατο 'εννά,Νάξος,Ήπειρος
13391,Rodos,Ρόδος,Ρόδος,Ρόδος,Ρόδος,"Του καιρού που 'διναν, τους σκύλλους με τα λουκάνικα",Ρόδος,Ρόδος
18929,Skyros,Σκύρος,Σκύρος,Κρήτη,Αμοργός,"Βούρλα μού δώνεις, ψαθί σού πλέκω",Νάξος,Κάρπαθος
109564,Evia,Ανατολική Θράκη,Ανατολική Θράκη,Νάξος,Αρκαδία,Δεν έχει πρόσωπο να πάγη,Ανατολική Θράκη,Ανατολική Θράκη
107223,Maced.,Λέσβος,Αιτωλία,Ανατολική Θράκη,Αιτωλία,“Διώξι μι γι θα σί διώξου” λέγ' η αράχνη,Λέσβος,Αιτωλία
109531,Epirus,Αμοργός,Αμοργός,Επτάνησος,Αμοργός,Γυρίζει σαν τον σβούρο,Ανατολική Θράκη,Αρκαδία
47310,Arcadia,Αρκαδία,Αρκαδία,Αρκαδία,Ιωάννινα,Γελάει ο μουρλός τ' αγέλαστα,Αχαΐα,Αρκαδία
69437,Etolia,Αιτωλία,Αιτωλία,Αιτωλία,Αιτωλία,Είνι μι τόνα μέσ στου λάκκου,Αιτωλία,Αιτωλία
92798,Ioannina,Ιωάννινα,Ιωάννινα,Μικρά Ασία,Ιωάννινα,Στον πάτο ξυρίζ'ν το γαμπρό,Ιωάννινα,Ιωάννινα
57661,Cyprus,Λέσβος,Κύπρος,Κύπρος,Λέσβος,Η ρκά έτσι κατασείμονα τ' αγγούριν αθθυμήθην,Κύπρος,Κάρπαθος
57117,Cyprus,Κύπρος,Κύπρος,Κύπρος,Κύπρος,Είδες φαείφ φάε. Είδες δουλειάφ φύε,Κύπρος,Κύπρος
40202,Heptanese,Επτάνησος,Επτάνησος,Επτάνησος,Επτάνησος,Τα μισά της χιλιάδας πεντακόσια είναι,Αρκαδία,Λακωνία
8386,Thrace,Θράκη,Θράκη,Θράκη,Θράκη,Κάλλια Καλογιάνν' παρά Κακογιάνν',Ήπειρος,Ιωάννινα
61945,East Thrace,Ιωάννινα,Ιωάννινα,Ιωάννινα,Ιωάννινα,Πά' ν' αϊάσ' κι ξιπάϊασιν,Μακεδονία,Ιωάννινα
66362,Heptanese,Κεφαλληνία,Επτάνησος,Κρήτη,Κεφαλληνία,"Καλός, κακός ο γείτονας, για φωτιά χρειάζεται",Κεφαλληνία,Κεφαλληνία
79904,Kefalinia,Αιτωλία,Λέσβος,Επτάνησος,Αιτωλία,"Τ' ειν' η κάβουρας, τ' είν' του ζουμί του",Μικρά Ασία,Μακεδονία
84879,Kefalinia,Κεφαλληνία,Κεφαλληνία,Κεφαλληνία,Κεφαλληνία,Καθένας για λόγο του κι ο Θεός για όλους,Λακωνία,Κεφαλληνία
79108,Karpathos,Κάρπαθος,Κάρπαθος,Λακωνία,Σκύρος,"Απού τηλ Λαμπρή τσαι πίσω, ζάχαρι θα σε ποτίσω",Κάρπαθος,Κάρπαθος
95306,Pontos,Πόντος,Πόντος,Πόντος,Πόντος,Καλόν σκαμνίν πη θήκ' για τ΄εκείνον θηκ' άτο,Πόντος,Πόντος
114240,Kefalinia,Θεσπρωτία,Θεσπρωτία,Θεσπρωτία,Θεσπρωτία,Καλόγηρος βαρβάτος πηδάει σα μαύρος γάτος,Μακεδονία,Αρκαδία
86478,Thesprotia,Θεσπρωτία,Θεσπρωτία,Κεφαλληνία,Θεσπρωτία,Ο μοναχός ούτε στην παράδεισο,Λακωνία,Θεσπρωτία
756,Lesvos,Αιτωλία,Αιτωλία,Λέσβος,Αιτωλία,Θα πιάσουμι τ' γάτα απ' τα νύχια,Λέσβος,Ιωάννινα
72510,Cyprus,Σκύρος,Σκύρος,Σκύρος,Σκύρος,Α κάτα πινόντα νερέ μα θωρόντα τσαι το Θεέ,Μικρά Ασία,Κάρπαθος
5360,Kefalinia,Αιτωλία,Κεφαλληνία,Κεφαλληνία,Επτάνησος,Γαιδάρου μύθον έλεγαν κι εκειός τ' αυτιά του ετσούλωνε,Κεφαλληνία,Επτάνησος
66067,Evia,Λέσβος,Εύβοια,Λέσβος,Ιωάννινα,Η Μανώλης με τα λόγια κάν' ανώγεια κι κατώγεια,Λέσβος,Λέσβος
5930,Evia,Αχαΐα,Αχαΐα,Λέσβος,Εύβοια,Όταν ψάλλ' ο θειός τη θειά σου συ κατσούλωνε τ' αυτιά σ',Μικρά Ασία,Μικρά Ασία
11596,Laconia,Επτάνησος,Επτάνησος,Αχαΐα,Ρόδος,Του Μαρτιού τα σκοτεινά αν τα ιδής μη φοβηθής και αν τα ιδής και φοβηθείς εύρε τρύπα να κρυφτής,Λακωνία,Ανατολική Θράκη
41861,Crete,Εύβοια,Εύβοια,Αμοργός,Αμοργός,Όποιο χέρι κοψ' η κρίσι δεν πονεί,Ιωάννινα,Ιωάννινα
1295,Ioannina,Ιωάννινα,Ιωάννινα,Ιωάννινα,Κύπρος,Ηύρις διάουλουν να γιλάις,Ήπειρος,Ιωάννινα
59111,Cyprus,Κύπρος,Κύπρος,Κύπρος,Κύπρος,"Σίλια λόγια έναν άσπρον, τζαι πάλε κρίμα στ' άσπρο",Κύπρος,Κύπρος
40230,Cyprus,Ρόδος,Ρόδος,Αρκαδία,Θεσπρωτία,Τες πομπές τες δικές σου δεν τις βλέπεις,Αρκαδία,Αρκαδία
80207,Kefalinia,Κεφαλληνία,Κεφαλληνία,Ήπειρος,Θεσπρωτία,"Ξύλο, το κι΄ η βρισιά δε βγαίνουν στην πλησιά",Θεσπρωτία,Ιωάννινα
69232,Arcadia,Αρκαδία,Αρκαδία,Αρκαδία,Αιτωλία,Έβγανι τον σβέρκον,Αιτωλία,Ήπειρος
93346,Cyprus,Κύπρος,Κύπρος,Κύπρος,Κύπρος,"Ο ρεπέρης επήεν τογ Γεννάρην τζ' είεν τα σπαρμένα του, τζ'αί χωρίστην την γυναίκαν. Επήεν τομ Μάρτην τζ'αί πήρεν άλλην μιάν",Κύπρος,Κύπρος
74884,Heptanese,Αχαΐα,Αχαΐα,Λακωνία,Επτάνησος,"Όποιος προσκυνώντας κλαίει, μόνον ταις μετάνοιαις χάνει",Ήπειρος,Επτάνησος
76273,Thrace,Αμοργός,Θράκη,Αμοργός,Κύπρος,"Σ του κουφού την πόρταν, όσον θέλεις βρόντα",Κάρπαθος,Πόντος
70044,Thesprotia,Αιτωλία,Κύπρος,Κύπρος,Λέσβος,Μ' κίνει κουτσουπρυόβουλους,Αιτωλία,Ιωάννινα
100727,Arcadia,Ήπειρος,Αρκαδία,Κύπρος,Θράκη,Αγοραστό – λιμαστό,Σκύρος,Σκύρος
58884,Cyprus,Κύπρος,Κύπρος,Κύπρος,Κύπρος,Πιάσ' τον τίτσιρον τζαι πάρ' τα ρούχα του,Κύπρος,Κύπρος
100284,Kefalinia,Μικρά Ασία,Αρκαδία,Επτάνησος,Μικρά Ασία,Όπως ήυρες νύφη όχι όπως ήξερες,Θεσπρωτία,Ιωάννινα
7695,Asia Minor,Αιτωλία,Αιτωλία,Αιτωλία,Αιτωλία,Πάρ' τουν στου γάμου σ' να σπή κι τ' χρόν',Ήπειρος,Αιτωλία
52379,Arcadia,Μικρά Ασία,Αρκαδία,Αρκαδία,Αχαΐα,Το καρύδι φαίνεται απ' έξω γιερό! Ξέρεις τι έχει μέσα;,Αχαΐα,Αχαΐα
12046,Crete,Νάξος,Κρήτη,Αρκαδία,Νάξος,Για 'δε ούγια και πάρε πανί,Ρόδος,Κάρπαθος
43894,Naxos,Νάξος,Θεσπρωτία,Κρήτη,Λακωνία,Όλο ο γέρος στο κατάρτι,Επτάνησος,Αρκαδία
94743,Pontos,Πόντος,Πόντος,Πόντος,Πόντος,Ας σον Γιώρ' κέσ' τον Αέρ' πα ικράχ εποίκα,Πόντος,Πόντος
42933,Evia,Κύπρος,Κύπρος,Κύπρος,Κύπρος,Στες εννιά έμαθέν το τζι' ο κουφός,Κύπρος,Κύπρος
78879,East Thrace,Ανατολική Θράκη,Ανατολική Θράκη,Επτάνησος,Αρκαδία,Ο πώχει τη μύγα σκιάζεται,Μικρά Ασία,Ανατολική Θράκη
61479,Thesprotia,Αρκαδία,Επτάνησος,Επτάνησος,Λακωνία,Έχει μυαλό από φελλό,Αρκαδία,Θεσπρωτία
95182,Pontos,Πόντος,Πόντος,Πόντος,Πόντος,Η κορώνα 'ς σην Άσπρη θάλασσαν πα αν πάη τ' ωβά 'τ'ς μαύρα είν',Πόντος,Πόντος
116660,Crete,Επτάνησος,Επτάνησος,Επτάνησος,Επτάνησος,"Να ΄χαμε, κι ίντα να ΄χαμε; Σαράντ΄ αβγά σφουγγάτο, και μια χειρομυλόπιττα, σαν τ΄ αλωνιού τον πάτο",Κρήτη,Κεφαλληνία
117966,Thesprotia,Αιτωλία,Νάξος,Θεσπρωτία,Αχαΐα,Ζοράκι Χστός ανέστ,Θράκη,Θράκη
61349,Lesvos,Αιτωλία,Λέσβος,Αιτωλία,Αιτωλία,Πιο καλά να βγη του μάτ'ς πήρι τόνουμα σ',Λέσβος,Ιωάννινα
16470,Naxos,Νάξος,Νάξος,Ήπειρος,Νάξος,"Όποιος δεν έχει 'έρο, ναοράζη",Νάξος,Νάξος
95491,Kefalinia,Ιωάννινα,Κεφαλληνία,Πόντος,Ήπειρος,Ναμκιόρα κάτα,Πόντος,Ανατολική Θράκη
10163,Evia,Νάξος,Νάξος,Αχαΐα,Λέσβος,Ποιός σόβγανε του μάτ; Αδερφός σου. Γι΄αυτό είναι έτσι βαθιά,Εύβοια,Θράκη
91651,Etolia,Αιτωλία,Αιτωλία,Αιτωλία,Αιτωλία,Τουν γιλάει ου καθρέφτ'ς,Ιωάννινα,Ιωάννινα
76483,Heptanese,Λακωνία,Ρόδος,Λακωνία,Πόντος,Έφαε την εντροπήν με το κουτάλι,Κάρπαθος,Νάξος
55425,Kefalinia,Αχαΐα,Κεφαλληνία,Κεφαλληνία,Κεφαλληνία,Σαν πεινας και δε νυστάζεις όσο θέλεις κουρκουμόσου,Κρήτη,Κεφαλληνία
27852,Arcadia,Μικρά Ασία,Αρκαδία,Μικρά Ασία,Ανατολική Θράκη,Όποιος έχει γένεια έχει και χτένια,Θεσπρωτία,Αρκαδία
17291,Karpathos,Κάρπαθος,Κάρπαθος,Κάρπαθος,Κάρπαθος,Το(ν) ξένο μες στο σπίτι σου για μάρτυρα τον έχεις,Νάξος,Ρόδος
59717,Naxos,Μακεδονία,Κρήτη,Νάξος,Επτάνησος,"Μικρά 'ναι τα παιδάκια μικρά τα βασανακια, μεγαλώνουν τα παιδάκια, μεγαλώνουν τα βασανακια",Εύβοια,Κεφαλληνία
55258,Achaia,Θεσπρωτία,Θεσπρωτία,Θεσπρωτία,Λακωνία,Ο πρώτος γάϊδαρος διατάσσει τον πισυνό,Κρήτη,Θράκη
73150,Crete,Θεσπρωτία,Κύπρος,Θεσπρωτία,Αιτωλία,Γίνεται του Κουτρούλη ο γάμος,Θράκη,Ήπειρος
109536,East Thrace,Ανατολική Θράκη,Ανατολική Θράκη,Νάξος,Ανατολική Θράκη,Γω τόσα τον σκύλο μου κι ο σκύλος την ουρά του,Ανατολική Θράκη,Μικρά Ασία
105383,East Thrace,Αρκαδία,Μακεδονία,Ανατολική Θράκη,Νάξος,Αντάρα και σιαντάρα κατσιαχούρχουρη γαϊδάρα!,Αρκαδία,Αχαΐα
102223,Kefalinia,Σκύρος,Σκύρος,Εύβοια,Σκύρος,"Ως τ' Άη-Γιαννιού, τρζυγώνα, εν η φούρζα του χειμώνα",Σκύρος,Κύπρος
61086,Epirus,Ήπειρος,Ήπειρος,Ήπειρος,Ρόδος,"Βοήθα με, Άϊ Γεώργι μου! Σείσε και συ τον κώλο σου κομμάτι",Ρόδος,Αρκαδία
69660,Ioannina,Ήπειρος,Ιωάννινα,Κύπρος,Πόντος,Θα βρέξ' κώλον για να φας ψάρ',Αιτωλία,Ιωάννινα
41642,Naxos,Αμοργός,Νάξος,Αμοργός,Κύπρος,Εις τόπον αδιαφόρετον ποτέ πολύ μην κάτζης,Ιωάννινα,Αμοργός
30135,Rodos,Μικρά Ασία,Εύβοια,Θράκη,Θράκη,Ακλουθόντας διάβαινε,Επτάνησος,Κρήτη
109578,Kefalinia,Θράκη,Θράκη,Πόντος,Αμοργός,Δεν πατεί στη γη,Ανατολική Θράκη,Ανατολική Θράκη
52192,East Thrace,Ανατολική Θράκη,Ανατολική Θράκη,Μικρά Ασία,Αχαΐα,"Τι Γιάννης, τι Γιαννάκης!",Αχαΐα,Αχαΐα
102038,East Thrace,Λέσβος,Σκύρος,Σκύρος,Πόντος,"Τι εν' ο κάβουρας, τι εν' η μα'εργιά του;",Σκύρος,Επτάνησος
115954,Maced.,Λέσβος,Μακεδονία,Αιτωλία,Αιτωλία,Αυτός έχ' γινάτ' τση καμήλας,Μικρά Ασία,Αιτωλία
899,Lesvos,Λέσβος,Λέσβος,Λέσβος,Αιτωλία,Σα ντρέπισι να βάλς ένα κόσινου μπρουστά σ',Λέσβος,Ιωάννινα
5344,Heptanese,Θεσπρωτία,Ανατολική Θράκη,Επτάνησος,Θεσπρωτία,Από τίποτε καλό 'ν' και το χαλάζι,Κεφαλληνία,Κεφαλληνία
51559,Ioannina,Θεσπρωτία,Θεσπρωτία,Θεσπρωτία,Θεσπρωτία,Πολίτης αγαθός και άδικος δεν γίνεται,Αχαΐα,Θεσπρωτία
79218,Karpathos,Κάρπαθος,Κάρπαθος,Κάρπαθος,Λέσβος,"Μήε σου Παπά κουτσιά, μη΄έγιω δρααρικά",Κάρπαθος,Κάρπαθος
27186,Amorgos,Νάξος,Αμοργός,Αμοργός,Νάξος,Τώρα οι άνθρωποι 'ναι με δυό μούρες,Αμοργός,Ανατολική Θράκη
109968,East Thrace,Ανατολική Θράκη,Ανατολική Θράκη,Ανατολική Θράκη,Ανατολική Θράκη,Κολοκύθι έφαγες;,Ανατολική Θράκη,Ανατολική Θράκη
30546,Heptanese,Επτάνησος,Επτάνησος,Λέσβος,Αμοργός,Από λόγον το λόγο,Επτάνησος,Αμοργός
12623,Karpathos,Ρόδος,Κάρπαθος,Ρόδος,Νάξος,Μη πολλοχαδεύγεσαι και του χαδγιού δεν είσαι για τι 'σαι που τη γειτονιά και ξέρω τίνος είσαι,Ρόδος,Ρόδος
50156,Achaia,Αχαΐα,Αχαΐα,Εύβοια,Αχαΐα,Ο βουβαλοκλέφτης την ημέρα σκιάζεται τα βουβάλια και τη νύχτα τα καβαλικεύει και φεύγει!,Αχαΐα,Αχαΐα
76813,Achaia,Αχαΐα,Αχαΐα,Κεφαλληνία,Αρκαδία,Η χελώνα τα παιδιά της αγγελόπουλα τα κράζει,Κεφαλληνία,Αχαΐα
59312,Cyprus,Κύπρος,Κύπρος,Κύπρος,Κύπρος,"Τζείνος πόγ κρατεί τηγ γλώσσαν του, μηδέ τογ κώλον του",Κύπρος,Κύπρος
12613,Crete,Ρόδος,Ρόδος,Ανατολική Θράκη,Πόντος,"Μεγάλη μπουκκιά φάε, μεγάλο λόον μην 'πης",Ρόδος,Ρόδος
3441,Pontos,Πόντος,Πόντος,Πόντος,Πόντος,Η μάννα εν γλυκίν κρασίν έμνοσιον παξιμάντιν που πίνει άτο ξα κι μεθά που τρώγει α κι χορτάζει,Πόντος,Πόντος
12263,Laconia,Πόντος,Νάξος,Πόντος,Πόντος,Επέταξεν ο Κολιανός κι' επήρε και το ράμμα,Ρόδος,Κάρπαθος
59215,Cyprus,Λέσβος,Κύπρος,Λέσβος,Κύπρος,Τα λόγια ελ λόγια. Τα μακαρούνια έχουφ φαείν,Κύπρος,Κύπρος
106848,Asia Minor,Θράκη,Κάρπαθος,Κάρπαθος,Θράκη,Θα κάμης μια τρύπα στο 'ς το νερό,Θράκη,Θράκη
22062,Skyros,Ανατολική Θράκη,Μικρά Ασία,Κεφαλληνία,Μικρά Ασία,Εραιώθη με τα ρούχα του,Αμοργός,Μικρά Ασία
38331,Crete,Αρκαδία,Λακωνία,Λακωνία,Αμοργός,Δεν τον άφησε σε χλωρό κλαρί,Αρκαδία,Αρκαδία
783,Kefalinia,Λέσβος,Κύπρος,Λέσβος,Λέσβος,Λόγια ναστρατίνκα,Λέσβος,Μικρά Ασία
79414,Ioannina,Σκύρος,Σκύρος,Σκύρος,Σκύρος,"Τσηπουρέ τσ' αμπελουργέ μου, μήνας είτ' το διώμα σου!",Κάρπαθος,Νάξος
92612,Amorgos,Επτάνησος,Ήπειρος,Ανατολική Θράκη,Ρόδος,"Μάτια σου, πραμάτεια σου, ν' άνοιγες τα μάτια σου",Θεσπρωτία,Αμοργός
13590,Cyprus,Κύπρος,Κύπρος,Κάρπαθος,Κύπρος,"Γαμεί η αλιντζαύρα τον λα(γ)όν, γιατ' εν ο γέρακας ποπάνω",Κύπρος,Κάρπαθος
42585,Epirus,Ήπειρος,Ήπειρος,Θεσπρωτία,Κρήτη,"Όλα μας ανάποδα, κι ο γάμος μας τετάρτια",Κεφαλληνία,Κεφαλληνία
97801,Rodos,Αχαΐα,Αχαΐα,Αχαΐα,Λακωνία,Όποιος έχει γιον στο βουνί πάντα ξύλα καρταρεί,Εύβοια,Ρόδος
98867,Amorgos,Μικρά Ασία,Αμοργός,Ήπειρος,Λέσβος,Απ' όξω μπέλλα – μπέλλα κι από μέσα κατσιβέλλα,Ιωάννινα,Αρκαδία
41585,Laconia,Κεφαλληνία,Πόντος,Αμοργός,Κεφαλληνία,"Δανεικό ν', κυρά, τ' αλεύρι, δανεικό ν' και το προζύμι",Ιωάννινα,Κεφαλληνία
100171,Arcadia,Αμοργός,Θεσπρωτία,Αχαΐα,Αμοργός,Μην μας τον πολυπαινεύεις και βράδυ τον βλέπομε,Θεσπρωτία,Αμοργός
88686,Achaia,Θεσπρωτία,Αχαΐα,Αχαΐα,Λακωνία,Της καλομάνας το παιδί το πρώτο νάν αρσενικό,Λακωνία,Αχαΐα
80279,Thesprotia,Μικρά Ασία,Ήπειρος,Θεσπρωτία,Λέσβος,"Πικρά μαντάτα του γαμπρού, η νύφη κατσιδιάρα",Θεσπρωτία,Λακωνία
68488,Naxos,Μακεδονία,Μακεδονία,Κύπρος,Ανατολική Θράκη,"Τση γριάς τον έπαινο, η ανηφοριά τον δείχνει",Κεφαλληνία,Κεφαλληνία
34283,Thesprotia,Επτάνησος,Επτάνησος,Επτάνησος,Επτάνησος,"Οποίος σπέρνει βάσανα, αγγούσαις θα θερίση",Επτάνησος,Ιωάννινα
38165,Ioannina,Εύβοια,Κρήτη,Λακωνία,Αρκαδία,Βρεμένο γύρισμα αμπειριού γέμισμα,Αρκαδία,Κεφαλληνία
118604,Thrace,Λέσβος,Ιωάννινα,Θράκη,Αιτωλία,"Σα δεν έγιναμ' νύφες, κάνεμι είδαμ' πέ τις τρύπες",Θράκη,Θράκη
114738,Evia,Εύβοια,Εύβοια,Αμοργός,Αμοργός,"Σαν το μπόϊ μου βρήκα, σαν τη γνώμη μου δε βρήκα",Μακεδονία,Ανατολική Θράκη
19717,Cyprus,Κύπρος,Κύπρος,Ήπειρος,Κύπρος,"Άφησε που ψόφησε το γομάρι μας, τι τζαπ δεν, εις τον κόσμον;",Μακεδονία,Ρόδος
117957,Epirus,Σκύρος,Σκύρος,Σκύρος,Σκύρος,"Είχαμε ένα τσ΄βάλι σκατά, μας έφεραν και μια δεσάκκα",Θράκη,Σκύρος
58290,Cyprus,Κύπρος,Κύπρος,Κύπρος,Κύπρος,"Ο ήλιος γεννιέται για ούλλον τον κόσμον, τζαί για ούλλον τον κόσμον λάμπει",Κύπρος,Κύπρος
116357,Thesprotia,Κεφαλληνία,Θεσπρωτία,Μικρά Ασία,Κεφαλληνία,"Αδικιάς καρπός σπαρμένος, κι' α φυτρώση δε σταχυάζει",Κρήτη,Κεφαλληνία
37526,Heptanese,Ρόδος,Αρκαδία,Επτάνησος,Ρόδος,"Όπου λαλούνε πολλοί πετεινοί, αργεί να ξημερώσει",Εύβοια,Κεφαλληνία
91202,Ioannina,Αιτωλία,Λέσβος,Λέσβος,Αιτωλία,Να σι 'δώ του Μάη μι γούνα κι τουν Αύγουστου μι σιγκούνα,Ιωάννινα,Αιτωλία
31204,Heptanese,Επτάνησος,Επτάνησος,Επτάνησος,Ανατολική Θράκη,"Θε να πάη στον πόλεμο, για να κάμη πλιάτσικα",Επτάνησος,Κεφαλληνία
111246,Maced.,Αιτωλία,Αιτωλία,Εύβοια,Σκύρος,Σ' πήϊ (πάει) πέντι πέντι,Αιτωλία,Θεσπρωτία
99314,Ioannina,Ιωάννινα,Ιωάννινα,Ιωάννινα,Αμοργός,Όλες οι μυίγες δεν κάνουν μέλ΄,Ιωάννινα,Ιωάννινα
61854,Heptanese,Θεσπρωτία,Θεσπρωτία,Αρκαδία,Αμοργός,Δυό βόϊδια άχυρον δεν ξέρς να μοιράης,Μακεδονία,Μακεδονία
116350,Skyros,Νάξος,Σκύρος,Κρήτη,Αρκαδία,"Άρρωστέ μου, πιε νερό!",Κρήτη,Σκύρος
914,Etolia,Αιτωλία,Αιτωλία,Αιτωλία,Ιωάννινα,Τ' άπλιψι λάδ',Λέσβος,Λέσβος
72997,Naxos,Νάξος,Νάξος,Νάξος,Νάξος,Πρέπει να τόχει η κούτρα σου να κατεβάζει ψείρες,Κεφαλληνία,Αρκαδία
45670,Kefalinia,Κεφαλληνία,Κεφαλληνία,Κεφαλληνία,Αχαΐα,"Α δε χαλάσης, καρδιές θα κάψης!",Νάξος,Επτάνησος
75493,Karpathos,Κάρπαθος,Κάρπαθος,Κάρπαθος,Κάρπαθος,Από του πειρασμού το μιτάτον μή(τ)ε τυρί μή(τ)ε μανούλι,Κάρπαθος,Κάρπαθος
13706,Cyprus,Ανατολική Θράκη,Κύπρος,Μακεδονία,Κύπρος,"Με τον οκτρόν μου να δω, με τον σταυρόμ να βάλω",Κύπρος,Κύπρος
110334,East Thrace,Ανατολική Θράκη,Ανατολική Θράκη,Ανατολική Θράκη,Πόντος,"Όποιος φάγει το μέλι, έχει τη μύγα σο μέτωπο",Ανατολική Θράκη,Πόντος
59531,Evia,Κύπρος,Κύπρος,Ήπειρος,Κύπρος,"Του ακριβού το ψουμίν, ο λίμπουρος εν το τρώει",Κύπρος,Κύπρος
114710,Laconia,Ανατολική Θράκη,Επτάνησος,Λακωνία,Εύβοια,"Ρώτα τον παθό, μη ρωταί το γιατρό",Μακεδονία,Ανατολική Θράκη
106056,Laconia,Εύβοια,Αρκαδία,Πόντος,Αρκαδία,Σε ξένο φαγεί να μη βάνης άλας,Ήπειρος,Λακωνία
66594,Ioannina,Λέσβος,Λέσβος,Λέσβος,Λέσβος,Με τσι πουρδές ε βάφτιν αυγά,Λέσβος,Κρήτη
75236,East Thrace,Ανατολική Θράκη,Μακεδονία,Εύβοια,Ανατολική Θράκη,"Μικρός πλάνος, μεγάλο ψάρι",Αρκαδία,Αχαΐα
37767,Kefalinia,Επτάνησος,Ήπειρος,Ρόδος,Πόντος,"Άμα είσαι άτυχος, πάτνα άτύχης θάσαι",Αρκαδία,Θράκη
52223,Thesprotia,Αρκαδία,Αρκαδία,Αρκαδία,Νάξος,Τίποτα δε βλέπει το ΄μάτι όταν ο νους είν΄ αλλού,Αχαΐα,Νάξος
53179,Evia,Νάξος,Νάξος,Νάξος,Αιτωλία,Χρυσά μου χέρια σε ξέν' αλεύρια,Αχαΐα,Λακωνία
59074,Lesvos,Μικρά Ασία,Κύπρος,Μικρά Ασία,Κύπρος,Σαν νάρκετουν κουρσάριν,Κύπρος,Κύπρος
65514,Thesprotia,Ήπειρος,Ιωάννινα,Ήπειρος,Εύβοια,"Βάρα, βωρέ Ντούγλη! Βάρα καί σύ!",Λέσβος,Σκύρος
116919,Evia,Λέσβος,Λέσβος,Εύβοια,Κύπρος,"Τονέ σφαλίζ' η πόρτα μου, σα γάϊδαρο τον έχω",Κρήτη,Κεφαλληνία
76489,Achaia,Μικρά Ασία,Αχαΐα,Ρόδος,Αρκαδία,Έχει καλό πουαρικό,Κάρπαθος,Αρκαδία
81037,Asia Minor,Αιτωλία,Μικρά Ασία,Αιτωλία,Αρκαδία,Ήταν απ΄τάγραφα,Μικρά Ασία,Ήπειρος
92693,Epirus,Ήπειρος,Ήπειρος,Μακεδονία,Κύπρος,Όλα τά 'χ' η Τζίκα ο φερετζές τής λείπει,Ήπειρος,Μακεδονία
57334,Cyprus,Κύπρος,Κύπρος,Κύπρος,Κύπρος,"Εν τζ' εν η άξισι του οφτου, αμμάν η παραπόνησί του",Κύπρος,Κύπρος
84550,Crete,Ανατολική Θράκη,Κεφαλληνία,Κεφαλληνία,Αιτωλία,Θα τον κάμω να γυρίσ' η σκούφια του γύρα,Λακωνία,Ανατολική Θράκη
66217,Achaia,Αχαΐα,Αχαΐα,Αχαΐα,Μικρά Ασία,"Κάθε πουλάκι, με τη λαλούλα του",Κεφαλληνία,Κεφαλληνία
39097,Arcadia,Μικρά Ασία,Αρκαδία,Θεσπρωτία,Θεσπρωτία,Κατά τη νύφη κι ο γαμπρός,Αρκαδία,Ανατολική Θράκη
37542,Thrace,Λακωνία,Λακωνία,Αμοργός,Ανατολική Θράκη,"Ως νάρτει η γνώση, φεύγει το γρόσι",Εύβοια,Λακωνία
70039,Evia,Αιτωλία,Πόντος,Λέσβος,Αιτωλία,Μ' έχ κι που μ' έχ',Αιτωλία,Ήπειρος
110157,Heptanese,Λέσβος,Επτάνησος,Λέσβος,Λέσβος,"Νέ παν' απ' τ' αμάξι, νέ κάτ' απ' τ' αμάξι",Ανατολική Θράκη,Ανατολική Θράκη
102442,Maced.,Μακεδονία,Θράκη,Μακεδονία,Θράκη,Τ' απίδ' κάτ' πε την απιδιά πέφτ',Θράκη,Ιωάννινα
64180,Ioannina,Κεφαλληνία,Ιωάννινα,Κεφαλληνία,Ιωάννινα,"Όσ' ο νους μου στο χωράφι, τόσα βόιδια να πομείνουν",Ήπειρος,Κεφαλληνία
4408,Rodos,Ρόδος,Ρόδος,Νάξος,Ρόδος,Έλα τάτα να σου δείξω που τόχει η μάνα,Ήπειρος,Κρήτη
39271,Achaia,Αρκαδία,Αρκαδία,Αχαΐα,Αρκαδία,Μας κάνει τον καμπόσο,Αρκαδία,Αχαΐα
10344,Thrace,Μακεδονία,Αχαΐα,Αχαΐα,Μακεδονία,Κρύψε μ' όταν δεν με θέλης γιά να μ' έχης όταν θέλης,Θράκη,Θεσπρωτία
75891,Amorgos,Κρήτη,Αμοργός,Κεφαλληνία,Ανατολική Θράκη,Κάθε θάμα τρείς ημέρες παράθαμα δέκα πέντε,Κάρπαθος,Θράκη
104055,Epirus,Αμοργός,Ήπειρος,Ανατολική Θράκη,Αμοργός,Πέτρα που κατρακυλά διμέλιο δεν πιάν',Μακεδονία,Ιωάννινα
101671,Lesvos,Θράκη,Θράκη,Θράκη,Αρκαδία,Ολούρμε να γίνει;,Σκύρος,Σκύρος
101048,Skyros,Σκύρος,Σκύρος,Σκύρος,Σκύρος,Έναι δα τσαί καρδιακλής,Σκύρος,Σκύρος
97841,Lesvos,Ήπειρος,Κεφαλληνία,Ανατολική Θράκη,Λέσβος,Τα Νικολοβάρβαρα κ' οι τοίχ' αποξυλώνουν,Εύβοια,Πόντος
52972,Thrace,Επτάνησος,Εύβοια,Αιτωλία,Αμοργός,"Του πονεί το δόντι του, για την δείνα",Αχαΐα,Κεφαλληνία
100678,Lesvos,Λέσβος,Λέσβος,Αμοργός,Κύπρος,Άλλ' νού παπά βατζέλιο,Σκύρος,Ιωάννινα
75602,Arcadia,Κάρπαθος,Κάρπαθος,Ρόδος,Κάρπαθος,"Δ)έσε κόμπον, μη χάσης οτρέαν",Κάρπαθος,Κάρπαθος
36729,Etolia,Λακωνία,Αρκαδία,Ανατολική Θράκη,Αιτωλία,Να μου τρουπάι τη μύτη,Αχαΐα,Λακωνία
1093,Cyprus,Κύπρος,Κύπρος,Κύπρος,Κύπρος,Ο λαός κάμνει λαούδκια και το περτίκιν περτικούδκια,Κύπρος,Κύπρος
72320,Kefalinia,Σκύρος,Κεφαλληνία,Αρκαδία,Κεφαλληνία,Έγινε φέσι στο μεθύσι,Αχαΐα,Ανατολική Θράκη
76123,Karpathos,Λακωνία,Κάρπαθος,Λακωνία,Αρκαδία,"Ό,τι παθαίνει το κορμί τα φταίει το κεφάλι",Κάρπαθος,Θεσπρωτία
110083,Evia,Εύβοια,Εύβοια,Αρκαδία,Εύβοια,Μεις οι βλάχοι όπως λάχει,Ανατολική Θράκη,Εύβοια
118041,Evia,Εύβοια,Εύβοια,Μικρά Ασία,Θράκη,Κάμνει το μαύρο άσπρο,Θράκη,Θράκη
63447,Rodos,Κρήτη,Κρήτη,Αρκαδία,Κρήτη,Καθα είς τον πόρδαρό ντου μηλοκύδωνο τον έχει,Κρήτη,Κρήτη
99526,Achaia,Αμοργός,Αμοργός,Αχαΐα,Αμοργός,Το δώρο δεν δωρίζεται,Ιωάννινα,Αρκαδία
4294,Thesprotia,Θεσπρωτία,Θεσπρωτία,Κεφαλληνία,Κεφαλληνία,"Έχασα νύφεν και γαμπρό, τα δυο παιδιά μου έχω",Πόντος,Αμοργός
16748,Asia Minor,Ανατολική Θράκη,Μικρά Ασία,Εύβοια,Ρόδος,"Πότε πίττα με λαρδί, πότε πίττα μοναχή, πίτε και μητε καθόλου",Νάξος,Ιωάννινα
98960,East Thrace,Θράκη,Θράκη,Θράκη,Πόντος,Βούλγαρο αν καν΄ς φίλο βάσταγε καμμάτ΄ξύλο,Ιωάννινα,Ιωάννινα
46980,Etolia,Αιτωλία,Αιτωλία,Αιτωλία,Αιτωλία,Αυτός κι αυτή είν' εφτάψυχο γατσούλι,Αχαΐα,Αιτωλία
81064,Etolia,Αιτωλία,Λέσβος,Λέσβος,Αιτωλία,Καλή αντάμωσι στου Σκορδά του χάν',Μικρά Ασία,Αιτωλία
114832,Maced.,Κεφαλληνία,Ήπειρος,Κεφαλληνία,Αρκαδία,Το μεγάλο το καράβι μεγάλα κίνδυνα,Μακεδονία,Κεφαλληνία
69596,Maced.,Αιτωλία,Αιτωλία,Αιτωλία,Αιτωλία,Η πλάλα τς γάτας απ' του σπίτ ως τν αχυρώνα,Αιτωλία,Ιωάννινα
110124,Thrace,Κεφαλληνία,Ανατολική Θράκη,Θράκη,Ανατολική Θράκη,"Μπήκ' ο Δεύτερος, πάγ' ο βδόμαδος",Ανατολική Θράκη,Ανατολική Θράκη
110030,Asia Minor,Μικρά Ασία,Μικρά Ασία,Μακεδονία,Ανατολική Θράκη,"Μαζευθήτε γνωστικοί, να φάτε του τρελλού τον βιό",Ανατολική Θράκη,Μικρά Ασία
71644,Etolia,Αιτωλία,Αιτωλία,Αιτωλία,Αιτωλία,"Τουν έλατου απ' πάν' αρχινάν κι' τουν καθαρίζνι, όχ' απ' κάτ' για να μπουρούν να κατίβνι ύστερα",Αιτωλία,Ιωάννινα
101523,Crete,Σκύρος,Κρήτη,Λέσβος,Σκύρος,"Ο Βασίλης με τα λόγια, χτίζ' ανώγια τσαι κατώγια",Σκύρος,Σκύρος
64543,Evia,Μακεδονία,Μακεδονία,Μακεδονία,Αρκαδία,Σαρίδικο ινάτι,Μικρά Ασία,Εύβοια
64237,Naxos,Νάξος,Νάξος,Νάξος,Νάξος,Ότι τα σκατά κι ότι το φκυάρι,Μικρά Ασία,Κάρπαθος
97842,East Thrace,Λακωνία,Λακωνία,Λακωνία,Λακωνία,Τα ξένα πένει τα και μη τα περπατής,Εύβοια,Πόντος
61352,Maced.,Λέσβος,Λέσβος,Λέσβος,Λέσβος,"Τέτοιου τσιφάλ', τέτοια θέλ'",Λέσβος,Λέσβος
70283,Etolia,Κεφαλληνία,Κεφαλληνία,Λέσβος,Λέσβος,Νιά φουτιά καίνε νιά ζουή,Αιτωλία,Λέσβος
89398,Maced.,Λέσβος,Μακεδονία,Θεσπρωτία,Λέσβος,Του κόλλησε ρετσινιά,Λακωνία,Ανατολική Θράκη
37530,Evia,Εύβοια,Εύβοια,Ανατολική Θράκη,Ανατολική Θράκη,"Πες μου πώς σε δείρανε, να βρω πόσες έφαγες",Εύβοια,Εύβοια
16873,Naxos,Νάξος,Νάξος,Κρήτη,Νάξος,Πρώτα θωρείς το 'είτονα σου κι 'απέκειο το Θεό,Νάξος,Νάξος
17428,Naxos,Λακωνία,Νάξος,Νάξος,Νάξος,Χίλια λόια έναν άσπρο,Νάξος,Νάξος
115407,Arcadia,Επτάνησος,Αρκαδία,Αχαΐα,Ρόδος,"Μια φορά ήμαν άγγελος, τώρ' αγγελίζουν άλλοι στη βρύση που 'πινα νερό τώρα το πίνουν άλλοι",Εύβοια,Κεφαλληνία
426,Karpathos,Αρκαδία,Αρκαδία,Ρόδος,Λακωνία,Κι αλεστικό μη πάρετε,Εύβοια,Ανατολική Θράκη
9062,Crete,Ανατολική Θράκη,Ανατολική Θράκη,Ανατολική Θράκη,Ανατολική Θράκη,Να το ιδής με τα μάτια σ' και πάλι να μη το πιστέψης,Μακεδονία,Ανατολική Θράκη
66628,Crete,Επτάνησος,Κρήτη,Κρήτη,Πόντος,"Μην το περηφανεύεσαι και μην το κάνης νάζι, γιατ' ο Θεός την ομορφιά σαν άνθος την τινάζει",Κεφαλληνία,Επτάνησος
86041,Achaia,Αιτωλία,Αχαΐα,Λέσβος,Αιτωλία,Να σου πη ο διάκος στ' αυτί κι η κουρούνα στο μυαλό,Λακωνία,Αρκαδία
882,Evia,Λέσβος,Λέσβος,Λέσβος,Λέσβος,Πλάκουσι μια μπατόλια πά 'ς τ' αυτιά μ',Λέσβος,Λέσβος
19974,Kefalinia,Ήπειρος,Σκύρος,Θεσπρωτία,Μικρά Ασία,Άις Νικόλας θ΄ασπρίση τα γενάκια του,Αμοργός,Αχαΐα
2091,Karpathos,Κύπρος,Πόντος,Πόντος,Κρήτη,Ηλιομάραντον μοιάζει,Πόντος,Αμοργός
50086,Epirus,Αρκαδία,Θράκη,Επτάνησος,Λέσβος,Ο άνθρωπος δε χορταίνει με λόγια,Αχαΐα,Ανατολική Θράκη
98916,Epirus,Επτάνησος,Ήπειρος,Θράκη,Επτάνησος,Αυτά τα λέν' εκεί που βροντάει ο μύλος,Ιωάννινα,Μικρά Ασία
71756,Lesvos,Σκύρος,Σκύρος,Λακωνία,Σκύρος,"Φούντα πήις συ, γύρζα γω",Αιτωλία,Αιτωλία
82549,Thesprotia,Θεσπρωτία,Θεσπρωτία,Λακωνία,Θεσπρωτία,Βρήκε το μύλο χάρβαλο και το νερό κομμένο,Λακωνία,Αρκαδία
113202,Kefalinia,Θεσπρωτία,Κεφαλληνία,Αμοργός,Σκύρος,"Μην κρύβεσαι πίσω από το δάχτυλο, γιατί φαίνεσαι αλάκερος",Αρκαδία,Αχαΐα
17370,Naxos,Νάξος,Νάξος,Θεσπρωτία,Νάξος,Τση νύχτας τα καμώματα τα θωρεί (ή τα βλέπ') η μέρα και 'ελά,Νάξος,Νάξος
27978,Kefalinia,Μικρά Ασία,Κεφαλληνία,Κεφαλληνία,Αρκαδία,Σαν βασιλιάς μου κάθεσαι,Θεσπρωτία,Ανατολική Θράκη
6061,Amorgos,Εύβοια,Εύβοια,Κρήτη,Κρήτη,Σ τση δεκοχτώ 'ς τση δεκαννιά σαν 'δης και δεν κανιάσης κάτεχε κακορρίζικο της μάννας σου θα 'μοιάσης,Κρήτη,Κρήτη
75041,Laconia,Αρκαδία,Αρκαδία,Αρκαδία,Λακωνία,Το κακό με το σακκί μπένει και με το βελόνι βγαίνει,Ήπειρος,Λακωνία
109579,Asia Minor,Αμοργός,Πόντος,Κεφαλληνία,Αμοργός,"Δεν πουλεί, μον αγοράζει",Ανατολική Θράκη,Κάρπαθος
18334,Asia Minor,Ιωάννινα,Μακεδονία,Μικρά Ασία,Ιωάννινα,Όσο στέκεται τ' αλογιού η ουρά,Θράκη,Λακωνία
116648,Amorgos,Αμοργός,Κρήτη,Αμοργός,Ρόδος,"Μουδέ μιλεί, μουδέ λαλεί, μουδέ την οράν του σει",Κρήτη,Ρόδος
18673,Crete,Κρήτη,Κρήτη,Σκύρος,Ανατολική Θράκη,"Αργάτη κάνεις, αργά τονέ τρως",Κρήτη,Κρήτη
100773,Laconia,Σκύρος,Σκύρος,Σκύρος,Σκύρος,Αξίζ' όσο βαρζεί,Σκύρος,Ήπειρος
101101,Skyros,Σκύρος,Σκύρος,Σκύρος,Σκύρος,Έχατσε τ' αυγά τσαί τα καλάθια,Σκύρος,Σκύρος
92205,Evia,Επτάνησος,Νάξος,Επτάνησος,Επτάνησος,"Ο Θεός να φυλάη, απου τα πρωτοβρέξα",Νάξος,Κρήτη
20068,Thesprotia,Κάρπαθος,Κάρπαθος,Κάρπαθος,Κεφαλληνία,"Άμε να πας να ξης κοιλιές, να κάνης μαχραμάδες",Αμοργός,Κεφαλληνία
91251,Epirus,Λέσβος,Ήπειρος,Αιτωλία,Λέσβος,Όποιους δεν έχ' γνώσ' στου κιφάλ' ν' εχ' στα πουδάρια,Ιωάννινα,Ιωάννινα
76789,Heptanese,Κρήτη,Κεφαλληνία,Κρήτη,Κρήτη,Είπαν τση γριάς να κλάνη μα να μην το παρακάνη,Κεφαλληνία,Θεσπρωτία
77074,Skyros,Νάξος,Νάξος,Σκύρος,Νάξος,Γίναν οι γάστρες θυμιατό και το σκατό λιβάνι,Κεφαλληνία,Κεφαλληνία
27960,Heptanese,Θράκη,Θράκη,Θράκη,Κύπρος,"Πριν να σκεφθή ο νούς, η γλώσσα να μην τρέχη",Θεσπρωτία,Αμοργός
18040,Thrace,Σκύρος,Θράκη,Αρκαδία,Σκύρος,"Βούρτσα – βούρτσα κόπανος, κι βούρτσα κουπανίδα",Θράκη,Θράκη
54707,Amorgos,Ανατολική Θράκη,Ανατολική Θράκη,Θεσπρωτία,Ανατολική Θράκη,Το καλό τ' αρνί βυζαίνει δυο μανάδες,Αρκαδία,Κεφαλληνία
79219,Evia,Σκύρος,Σκύρος,Σκύρος,Σκύρος,"Μηγ γελάσης τσαι 'ελαστής, μηκ καταϊκάσης τσαι καταϊκαστής",Κάρπαθος,Κάρπαθος
91117,Maced.,Λέσβος,Λέσβος,Λέσβος,Αιτωλία,Λιρουμένα μάγ'λα κ' λιά χουρτάτ',Ιωάννινα,Ιωάννινα
110528,Epirus,Ήπειρος,Ήπειρος,Ιωάννινα,Ήπειρος,Σα μυρμήγκι,Ανατολική Θράκη,Ανατολική Θράκη
100820,Evia,Σκύρος,Σκύρος,Σκύρος,Σκύρος,"Αρωτουν τσαί τον Οβρζό, πότε κάνει Χ'στος ανέστη",Σκύρος,Σκύρος
650,Lesvos,Ανατολική Θράκη,Λέσβος,Αχαΐα,Μικρά Ασία,"Άπ' την αστιβία, δε κάνιν κατάρτ'",Λέσβος,Ιωάννινα
41938,Thrace,Θράκη,Θράκη,Ανατολική Θράκη,Θράκη,Πέσε πήτα να σε φάγω,Ιωάννινα,Θράκη
38983,Laconia,Επτάνησος,Αμοργός,Αχαΐα,Αρκαδία,Κάνει η κουρούνα θαύματα να φύγουν τα δαιμόνια,Αρκαδία,Λακωνία
109481,Crete,Επτάνησος,Κρήτη,Αμοργός,Αμοργός,"Βόθσε τον εαύτο σου, να σε βοηθήσ' ο Θεός",Ανατολική Θράκη,Ανατολική Θράκη
73589,Naxos,Νάξος,Λακωνία,Νάξος,Λακωνία,Ο ένας κερνά και ο άλλος πίνει,Θράκη,Αχαΐα
75476,Kefalinia,Λακωνία,Λακωνία,Λακωνία,Ιωάννινα,Από Θεό κι απ' αφεντιάν,Κάρπαθος,Μακεδονία
75994,Crete,Κάρπαθος,Κάρπαθος,Κάρπαθος,Κάρπαθος,Μακρύς μακρύς καλό(γ)ερος και κούφια η κεφαλή του,Κάρπαθος,Ρόδος
7729,Evia,Αιτωλία,Αιτωλία,Ιωάννινα,Αιτωλία,Του ήμερου τ' αρνί βζάν' δυο μανάδες κι τ΄άγριου ούτι τθκίτ,Ήπειρος,Ιωάννινα
100870,Rodos,Ανατολική Θράκη,Σκύρος,Εύβοια,Ανατολική Θράκη,"Βόθα με, να σε βοθώ, - ν' ανέβουμε το βουνό",Σκύρος,Ρόδος
75679,Laconia,Ρόδος,Ρόδος,Ρόδος,Ρόδος,Έχει κακά σσωθθικά,Κάρπαθος,Μικρά Ασία
13165,Asia Minor,Αμοργός,Αμοργός,Κύπρος,Αμοργός,Σκαμνιού ποδάριν έσπασεν καινούργιον εις τον τόπον του,Ρόδος,Μικρά Ασία
30054,Naxos,Επτάνησος,Επτάνησος,Επτάνησος,Επτάνησος,"Αγκόπαιτονε πρώτα, κι' απέ πνίξ' τονε",Επτάνησος,Επτάνησος
56605,Cyprus,Κύπρος,Κύπρος,Κύπρος,Κύπρος,"Αχτυπούν του παπά με τα πρόσφορα, τζαι λαλεί, Θεέ μου, τζαι 'ξόρισ' την ορκήσ σου",Κύπρος,Κύπρος
61684,Achaia,Ήπειρος,Ήπειρος,Ήπειρος,Ήπειρος,Παστρικός σαν της κόττας τα πόδια,Αρκαδία,Λακωνία
97765,Arcadia,Αρκαδία,Αρκαδία,Αρκαδία,Πόντος,"Κούρεφτον κασίδη, πάρτ' το μαλλί του",Εύβοια,Μακεδονία
41936,East Thrace,Ανατολική Θράκη,Ανατολική Θράκη,Αμοργός,Πόντος,Πέρσ' εκάηκε και φέτω μύρισε,Ιωάννινα,Ήπειρος
103825,Crete,Κρήτη,Αμοργός,Επτάνησος,Αμοργός,Του καλού αντρούς γυναίκα τον Απριλομά χηρεύγει,Μικρά Ασία,Κάρπαθος
13231,Karpathos,Κάρπαθος,Κάρπαθος,Κάρπαθος,Θεσπρωτία,Τα ΄θυμάται κάττης τάφαε,Ρόδος,Επτάνησος
10130,Ioannina,Ιωάννινα,Λέσβος,Εύβοια,Ιωάννινα,Ο κόσμους τό χει τύμπανου κ' μεις κρυφό καμάρ,Εύβοια,Ιωάννινα
31664,Heptanese,Επτάνησος,Επτάνησος,Επτάνησος,Επτάνησος,"Και τση μάννας μας το γάλα, ως κ' εκείνο, η γης θαν του το δώση!",Επτάνησος,Επτάνησος
41884,Achaia,Νάξος,Νάξος,Λακωνία,Λακωνία,Όσο πάνει ανεβαίνει το προζύμι,Ιωάννινα,Ιωάννινα
99251,Kefalinia,Κεφαλληνία,Κεφαλληνία,Κεφαλληνία,Κεφαλληνία,"Μπάτε, σκύλ', αλέστε κι αλεστικό μη δίνετε",Ιωάννινα,Ιωάννινα
13354,Karpathos,Κάρπαθος,Κάρπαθος,Κάρπαθος,Κάρπαθος,"Το(ν) Μα κατέβα στο γιαλό, να φας του σκάρου το αυγό",Ρόδος,Ρόδος
96915,Crete,Θράκη,Θράκη,Θράκη,Θράκη,Η ζούλια βγήκε πε τ' αδέρφια,Θράκη,Θράκη
96179,Pontos,Πόντος,Πόντος,Θράκη,Πόντος,Το γλυκόν η γλώσσα εβγάλλει τ' οφίδιν ας σο τρυπίν,Πόντος,Πόντος
116796,Laconia,Λακωνία,Λακωνία,Λακωνία,Αιτωλία,Πότε 'πρόκοψ' η κερά μας; Τ' άγιου Λαζάρου το σπερνό,Κρήτη,Ρόδος
35096,Kefalinia,Επτάνησος,Επτάνησος,Επτάνησος,Θράκη,Τ' ακούει ο αφέντης το καλό και τόνε πιάν' η ζάλη,Επτάνησος,Επτάνησος
111956,Achaia,Ήπειρος,Αχαΐα,Θράκη,Λακωνία,Κάλλια κακοπανδρεμένη ή κακοκουβεντιασμένη,Ήπειρος,Ήπειρος
72231,Evia,Εύβοια,Εύβοια,Θεσπρωτία,Νάξος,"Να φοβάσαι 'πο όψι χειμώνα, 'πο πρώϊμο οικοκύρη κι από καινούριο αφεντικό",Θράκη,Εύβοια
23033,Heptanese,Επτάνησος,Επτάνησος,Επτάνησος,Ρόδος,"Και που σου πήρενε τα μυαλά, να πάρη και τον ίδιο",Αμοργός,Νάξος
44185,Naxos,Επτάνησος,Επτάνησος,Κάρπαθος,Αιτωλία,Τ' άρματα σου και εις του κάπου,Επτάνησος,Ρόδος
61185,Crete,Κρήτη,Κρήτη,Κρήτη,Νάξος,Ο κακός λόγος του νοικοκυρού πομένει,Ρόδος,Ρόδος
70807,Lesvos,Λέσβος,Λέσβος,Λέσβος,Αιτωλία,"Που μη πουνεί, που μι σφάζ'!",Αιτωλία,Θράκη
945,Maced.,Λέσβος,Λέσβος,Πόντος,Λέσβος,"Της μαλάκας ο τσιγάρους γίνεται χονδρός, μιγάλους",Λέσβος,Κρήτη
55085,Evia,Κύπρος,Ρόδος,Κεφαλληνία,Λακωνία,Κάλλιο μιαν ώρα πετεινός παρά τρακόσιαις όρθα,Κρήτη,Ιωάννινα
4552,Rodos,Κύπρος,Κύπρος,Ρόδος,Κύπρος,Σάν να του πνΐκαν τά καράβια,Ήπειρος,Ιωάννινα
91153,Etolia,Λέσβος,Αιτωλία,Αιτωλία,Αιτωλία,"Μη μ' λες παπά σπασμένι, να μη σ' πω ξεκοιλιασμένι",Ιωάννινα,Σκύρος
76472,Kefalinia,Αμοργός,Αμοργός,Αμοργός,Αμοργός,Δεν κρατεί τα θαφτικά του,Κάρπαθος,Αμοργός
67723,Lesvos,Λέσβος,Λέσβος,Λέσβος,Σκύρος,Σκαλίζ'ς τσ' αχλιές μέσ' στα μάκια σ' παγαίνουν,Λέσβος,Σκύρος
18640,Rodos,Επτάνησος,Θράκη,Ανατολική Θράκη,Επτάνησος,"Άσπρη ρασέ, μαύρη ρασέ, δεν είν' το πάπλωμα για σέ",Κρήτη,Κεφαλληνία
91636,Maced.,Ιωάννινα,Ιωάννινα,Λέσβος,Ιωάννινα,Τού ινάτ' βγάζ' μάτ',Ιωάννινα,Ιωάννινα
79349,Laconia,Σκύρος,Σκύρος,Κύπρος,Σκύρος,"Τα 'χ' ο κλέφτης εις τον νουτ του, τα θωρεί τσ' εις τ' όνειρότ του",Κάρπαθος,Κάρπαθος
90742,Ioannina,Ιωάννινα,Ιωάννινα,Ιωάννινα,Ιωάννινα,Βρήκ' η στραβή τ' αρνί τ'ς κ' η γκαλιώρα του θ' κό τ'ς,Ιωάννινα,Ιωάννινα
74483,Achaia,Θεσπρωτία,Θεσπρωτία,Αχαΐα,Θράκη,Έπιασε η γάτα το ποντίκι,Ήπειρος,Θεσπρωτία
100757,Skyros,Σκύρος,Σκύρος,Σκύρος,Σκύρος,"Αμαρτωλός έφα'ε τσαί ρζίγατσε, δίτσαιος έφα'ε τσ ευφράνθη!",Σκύρος,Σκύρος
8850,Maced.,Μακεδονία,Μακεδονία,Μακεδονία,Μακεδονία,"Βρώμκα ψάρια, καλά παζάρια",Μακεδονία,Μακεδονία
118158,Epirus,Πόντος,Πόντος,Ήπειρος,Πόντος,"Ο Θεος άλλον έπλασε, κι άλλον έκλασε",Θράκη,Ανατολική Θράκη
115328,Skyros,Σκύρος,Σκύρος,Ανατολική Θράκη,Σκύρος,Άλλα 'ν' τα μάτια του λαγού τσ' άλλα της κουκουβάγιας,Εύβοια,Εύβοια
24289,Maced.,Κεφαλληνία,Μακεδονία,Νάξος,Ρόδος,Ο Θεός ήθελε να χαλάση δυο σπίτια και χάλασεν ένα,Αμοργός,Κεφαλληνία
58535,Cyprus,Κύπρος,Κύπρος,Κύπρος,Κύπρος,Όπκοιος βουρά πολλά κόβκει σαν τον γάδαρον,Κύπρος,Κύπρος
17453,Naxos,Νάξος,Νάξος,Επτάνησος,Λακωνία,Ώσπου νανεβοκατέβη το σπαθί...,Νάξος,Νάξος
100912,Etolia,Σκύρος,Σκύρος,Σκύρος,Σκύρος,"Γιά μάννα! Τό παπούτσ' του, σάν Ελλην' κό μνημόρζο έναι!",Σκύρος,Σκύρος
114262,Cyprus,Αμοργός,Κύπρος,Κύπρος,Αμοργός,Κόφτει την κρίσιν με τον μπαλτάν,Μακεδονία,Κύπρος
105404,East Thrace,Μικρά Ασία,Μικρά Ασία,Ήπειρος,Αρκαδία,Δόξαπατρί,Αρκαδία,Αιτωλία
2099,Maced.,Μακεδονία,Μακεδονία,Μακεδονία,Μικρά Ασία,Απού φασούλι φασούλι γιουμίζει του σακκούλι,Μακεδονία,Ιωάννινα
104861,Naxos,Πόντος,Πόντος,Πόντος,Πόντος,Ο κόσμος εθρηνίζουνταν κι οι κούρβες εστολίζουνταν,Ήπειρος,Ρόδος
83754,East Thrace,Λακωνία,Λακωνία,Αρκαδία,Νάξος,Είδες ένα; Τόσο φθάνει. Μιά κλωστή τούς έχει 'φάνει,Λακωνία,Αχαΐα
12758,Rodos,Κάρπαθος,Κάρπαθος,Νάξος,Κάρπαθος,Ο λό(γ)ος σου με χόρτασε και το ψωμί σου φα' το,Ρόδος,Κάρπαθος
13167,Crete,Κρήτη,Ρόδος,Ρόδος,Ρόδος,Σκότωνε λωλούς πλέρωνε ντζερεμέ,Ρόδος,Εύβοια
78819,Amorgos,Αμοργός,Αμοργός,Κρήτη,Ήπειρος,Κατά τα έργα του,Μικρά Ασία,Αμοργός
41713,Achaia,Αχαΐα,Αχαΐα,Αχαΐα,Αχαΐα,Κάνει το γουνί βελονια,Ιωάννινα,Θράκη
53518,Crete,Κρήτη,Κρήτη,Κρήτη,Αμοργός,Το Μάρτι ξύλα μάζωνε κι' άχυρα του βουγιά σου κι' αν έχεις πράμα τίβοτις φύλα το των παιδιώ σου,Κρήτη,Κρήτη
83441,Evia,Μακεδονία,Μακεδονία,Λακωνία,Αρκαδία,Έξω γλέντι μέσα φαρμακίλες,Λακωνία,Λακωνία
16761,Rodos,Επτάνησος,Λέσβος,Επτάνησος,Αχαΐα,Ποιός είδεν ένα να κρίνη δυό;,Νάξος,Αμοργός
114227,Arcadia,Ήπειρος,Κάρπαθος,Μικρά Ασία,Ανατολική Θράκη,"Καιρός πανιά, καιρός κουπιά, καιρός για το τιμόνι",Μακεδονία,Αρκαδία
71921,Heptanese,Κρήτη,Κρήτη,Κρήτη,Κρήτη,Μια ζωή τη κρυμμένη καλλιά ξεμπερδεμένη,Κρήτη,Ήπειρος
15270,Ioannina,Ιωάννινα,Ιωάννινα,Εύβοια,Μακεδονία,Έχουν οι φύλακες τη γνώση,Νάξος,Κεφαλληνία
76842,East Thrace,Ανατολική Θράκη,Ανατολική Θράκη,Εύβοια,Σκύρος,Κάτσε ντρίττα και κρίνε στραβά,Κεφαλληνία,Θεσπρωτία
71665,Etolia,Αιτωλία,Μακεδονία,Μικρά Ασία,Αιτωλία,Τουν παίδιψαν ουβρέϊκα,Αιτωλία,Αιτωλία
77619,Pontos,Πόντος,Πόντος,Πόντος,Πόντος,"Εκατεθάρρεσαμ' σον Θον έμουν, κι ο Θοε έμουν πα επιδέβε μας",Πόντος,Πόντος
63761,Crete,Κρήτη,Κρήτη,Κρήτη,Κρήτη,"Μόνο τα τρία πράματα δεν κάνουνε στο σπίτι δυο πετεινοί, δυο κούνελοι κι η πεθερά κι η νύφη",Κρήτη,Κρήτη
17009,Evia,Νάξος,Νάξος,Νάξος,Θράκη,Στο Θεό μ' ανέβασες,Νάξος,Σκύρος
70908,Maced.,Μακεδονία,Μακεδονία,Σκύρος,Αιτωλία,Σαν βριμέν' γάτα περπατεί,Αιτωλία,Ιωάννινα
91943,Amorgos,Λακωνία,Ήπειρος,Αμοργός,Λακωνία,Ομπρός βαθύ καί πίσω ρέμα,Θράκη,Ήπειρος
50748,Thesprotia,Αχαΐα,Αχαΐα,Αχαΐα,Σκύρος,"Όποιος δεν θρέφει γάτα, τρών' τα ποντίκια τα ρούχα του!",Αχαΐα,Αχαΐα
68327,Kefalinia,Κεφαλληνία,Κεφαλληνία,Κεφαλληνία,Κρήτη,"Του αγίου Νικολάου, που 'ν' τση γης και του πελάου",Κεφαλληνία,Κρήτη
102057,Kefalinia,Σκύρος,Σκύρος,Ανατολική Θράκη,Σκύρος,"Το γονικό δε χάνεται, μ' αλήθεια 'ν' πως πληθαίνει, γιατί γεννιέτ' ολημερζίς πεθαίνει",Σκύρος,Κρήτη
49686,Karpathos,Κάρπαθος,Κάρπαθος,Κάρπαθος,Αιτωλία,Με πορδαίς αυγά δε βάφουν,Αχαΐα,Ιωάννινα
32967,Heptanese,Επτάνησος,Επτάνησος,Επτάνησος,Πόντος,"Ξέρεις τ' ειν να σε κρεμούν, και να σου λένε, πως υα να πλερώσης και τον μπόγια",Επτάνησος,Επτάνησος
602,Amorgos,Αμοργός,Αμοργός,Κεφαλληνία,Κύπρος,Των φρονίμων τα παιδιά πριν πεινασουν μαγερεύγουν,Εύβοια,Αμοργός
90952,Epirus,Ήπειρος,Ήπειρος,Ήπειρος,Ιωάννινα,Η ακρίβεια φέρ' κι η φτήνεια,Ιωάννινα,Ήπειρος
14854,Crete,Κρήτη,Κρήτη,Επτάνησος,Κρήτη,"Άσκημή μου, πιας να φάμε, κι όμορφή μου, τί να φάμε;",Νάξος,Κρήτη
14319,Crete,Κρήτη,Κρήτη,Κρήτη,Νάξος,Όπου ακούς πολλά κεράσια μικρό καλάθι βάστα,Λακωνία,Λακωνία
107052,Arcadia,Νάξος,Νάξος,Νάξος,Αρκαδία,Παίρνω μυρωδιά,Θράκη,Αρκαδία
110582,East Thrace,Ανατολική Θράκη,Ανατολική Θράκη,Ανατολική Θράκη,Αμοργός,"Σκύλος που δε ξέρει να γαβγίσ', φέρενι τον λύκο συη μάντρα",Ανατολική Θράκη,Ανατολική Θράκη
95000,Pontos,Πόντος,Πόντος,Πόντος,Πόντος,"Εθέλεσες κ' επέθανες, τη γης χαράν εποίκες",Πόντος,Αμοργός
67703,Achaia,Αχαΐα,Αχαΐα,Αχαΐα,Αμοργός,"Σε ξένον πύργο, καρφί μην καρφώσης",Κεφαλληνία,Κεφαλληνία
70599,Etolia,Εύβοια,Αρκαδία,Αιτωλία,Επτάνησος,"Ούτι η μλιά φλάει ούλα τα μήλα, ούτι η μάννα τα παιδιά",Αιτωλία,Αιτωλία
79191,Rodos,Ρόδος,Ρόδος,Αμοργός,Αρκαδία,Κάθε νιος να δράμη θέλει,Κάρπαθος,Αμοργός
100905,Naxos,Σκύρος,Σκύρος,Σκύρος,Σκύρος,Γίνη τ'νε στσ΄λιούνε,Σκύρος,Σκύρος
27893,Crete,Επτάνησος,Επτάνησος,Κρήτη,Αμοργός,"Όταν έχης φύλαγε, σαν δεν έχεις δούλευε",Θεσπρωτία,Κεφαλληνία
113191,Ioannina,Λέσβος,Λέσβος,Ιωάννινα,Αιτωλία,"Λαγός στο σακκί, να ιδώ τ' αυτί του",Αρκαδία,Ανατολική Θράκη
79370,Evia,Λέσβος,Αχαΐα,Αμοργός,Πόντος,Το καλόν απανωπίθι αλλ' απ' ούλα μέσα!,Κάρπαθος,Κάρπαθος
100731,Achaia,Αρκαδία,Αιτωλία,Λακωνία,Θράκη,Αε αλάργα νάρθειςγλήορα,Σκύρος,Κάρπαθος
12359,Karpathos,Ήπειρος,Ήπειρος,Θράκη,Ρόδος,Ηύρ' ο Γύφτος τη γεννιάν του και 'ναγάλλιασε η καρδιά του,Ρόδος,Αχαΐα
68798,Etolia,Αιτωλία,Αιτωλία,Αιτωλία,Αιτωλία,"Απ' τς πουλλές βουλές ουπ' πάει κουλουκύθ' σε βρύσ', κάπουτι θα 'ρθή τσακισμένου",Αιτωλία,Αιτωλία
90458,Crete,Κρήτη,Λακωνία,Αχαΐα,Λακωνία,Τα γέλια με τα κλάηματα ομάδι γεννηθήκα και πάλ' η πρίκα κ' η χαρά αντάμα αναθραφήκα,Κρήτη,Λακωνία
90753,Asia Minor,Αιτωλία,Αιτωλία,Αιτωλία,Ήπειρος,Γίδα ψουριάρα,Ιωάννινα,Αρκαδία
103969,Lesvos,Σκύρος,Κύπρος,Σκύρος,Σκύρος,Γυρέψεις μη δόσεις κλέψεως συγχωρήσεως,Μακεδονία,Ιωάννινα
109834,Naxos,Νάξος,Νάξος,Θεσπρωτία,Ανατολική Θράκη,"Θέλω ν' αγιάσω, μα δε μ' αφίνουν οι διαόλ'",Ανατολική Θράκη,Ιωάννινα
76713,Arcadia,Αμοργός,Αμοργός,Ανατολική Θράκη,Θράκη,Από κουκκί την γλύτωσα,Κεφαλληνία,Ανατολική Θράκη
109312,Arcadia,Αρκαδία,Αρκαδία,Αρκαδία,Ήπειρος,Άφκε γάμο και πήγε για προυνάρι,Ανατολική Θράκη,Θράκη
70193,Epirus,Αιτωλία,Αιτωλία,Αιτωλία,Αιτωλία,"Μούτι του σκλί θ' αγιάσ, μούτι η ικκλησιά θα μαγαρίσ'",Αιτωλία,Λέσβος
92027,Naxos,Νάξος,Νάξος,Νάξος,Κεφαλληνία,Αλοίς του που δεν έχει νύχια να ξυστή κι αναμένει να τόνε ξύσουν άλλοι,Νάξος,Νάξος
24998,Kefalinia,Ρόδος,Ρόδος,Μικρά Ασία,Πόντος,"Όσον θέλει ο παπάς τ' αλλουνού παπά καλό, τόσον να ψηθή τ' αυγό",Αμοργός,Αμοργός
71978,Arcadia,Κρήτη,Κρήτη,Αρκαδία,Κρήτη,Οντέ πλουτάς μη χαίρεσαι και οντέ φτωχάς μη κλαίγης,Κρήτη,Ιωάννινα
80177,Evia,Αμοργός,Αμοργός,Ήπειρος,Λακωνία,Μαύρα γεννήθηκα σκόενα θα πεθάνω,Θεσπρωτία,Λακωνία
79156,Karpathos,Σκύρος,Κάρπαθος,Κάρπαθος,Σκύρος,"Ελά 'πού τού παππού σου, τσαί συτσιά 'πού τού τσυρού σου τσαί κλήμα 'πό εκού σου",Κάρπαθος,Κάρπαθος
61341,Lesvos,Λέσβος,Λέσβος,Λέσβος,Λέσβος,Ήρτι στου αμίν τσι πάλι ξαναγύρσι,Λέσβος,Λέσβος
35932,Naxos,Επτάνησος,Επτάνησος,Μικρά Ασία,Επτάνησος,"Τι' ναν του πω τση μοίρας μου, σα λέω και δε μ' ακούει!",Επτάνησος,Επτάνησος
114546,Thesprotia,Μακεδονία,Μακεδονία,Ιωάννινα,Μακεδονία,"Όσο να γίν' τ' άρχοντα το κέφι, βγαίνει του φτωχού η ψυχή",Μακεδονία,Αχαΐα
67469,East Thrace,Αρκαδία,Ιωάννινα,Θράκη,Ανατολική Θράκη,Πέρσι ψόφ'σε λαγός και φέτος βρώμ'σε,Λέσβος,Ιωάννινα
96944,Arcadia,Ανατολική Θράκη,Θράκη,Ανατολική Θράκη,Θράκη,Μη γυρεύεις γαμπρό πε τα μάτια,Θράκη,Θράκη
69807,Ioannina,Αιτωλία,Αιτωλία,Ιωάννινα,Κύπρος,Κάλλιου σκύλ' απού τήγ Κρήτ' μπέρι φίλου Κραβαρίτ',Αιτωλία,Ήπειρος
68729,Etolia,Λέσβος,Αιτωλία,Λέσβος,Ιωάννινα,"Αλλ' απ' του γιακά, αλλ' απ' τα πουδάρια τ' αρπάζ' τα λόϊα",Αιτωλία,Μακεδονία
68728,Lesvos,Αιτωλία,Αιτωλία,Αιτωλία,Αιτωλία,Αλιά πολ' π' απ' του γάμου,Αιτωλία,Λέσβος
115354,Karpathos,Σκύρος,Κάρπαθος,Ρόδος,Σκύρος,Αλλού καλόγηρος τσ' αλλού τα ράσα του,Εύβοια,Κάρπαθος
65422,Asia Minor,Επτάνησος,Ανατολική Θράκη,Θεσπρωτία,Κεφαλληνία,"Από Χριστου κ' εδώ, κάθε προφήτης, γάϊδαρος",Κεφαλληνία,Κεφαλληνία
100344,Maced.,Μακεδονία,Μακεδονία,Αρκαδία,Λέσβος,"Πέρσι έκλασε, φέτος βρώμισε",Θεσπρωτία,Μακεδονία
47179,Achaia,Αχαΐα,Αχαΐα,Θεσπρωτία,Ρόδος,Βάφεται και γίνεται 'σαν του κοράκου το φτερό!,Αχαΐα,Αχαΐα
98596,Rodos,Ανατολική Θράκη,Ανατολική Θράκη,Αρκαδία,Αμοργός,"Πήρε η κάτα το μποτκό να τον μάθει γράμματα, τον έμαθε τον ξέμαθε στόχσε και τον έφαγε",Θράκη,Εύβοια
88198,Maced.,Μακεδονία,Ιωάννινα,Μακεδονία,Πόντος,"Στάχτη έδωκα, κάρβουνα επήρα",Λακωνία,Θράκη
65707,Maced.,Μακεδονία,Επτάνησος,Επτάνησος,Αιτωλία,Δικονάρια να 'χή το μοναστήρι κι απέ καλογήρους τίποτε άλλο!,Κεφαλληνία,Αχαΐα
89481,East Thrace,Ανατολική Θράκη,Ανατολική Θράκη,Ανατολική Θράκη,Ανατολική Θράκη,Του τραβά από τη μύτη του,Λακωνία,Ανατολική Θράκη
103999,East Thrace,Αιτωλία,Λακωνία,Επτάνησος,Αμοργός,Ήρθαν τάγρια να διώξουν τα ήμιρα,Μακεδονία,Αρκαδία
99106,Epirus,Αιτωλία,Αιτωλία,Επτάνησος,Αιτωλία,Η αρχή είν' το ήμισυ του παντός,Ιωάννινα,Κεφαλληνία
113149,Achaia,Κεφαλληνία,Αχαΐα,Αχαΐα,Λέσβος,"Η γουρούνα αγάλια, αγάλια, τα γουρουνόπουλα πουλάλα, ίσια μπαίνουν στο κουμάσι",Αρκαδία,Κεφαλληνία
101859,Arcadia,Αρκαδία,Αρκαδία,Αιτωλία,Ανατολική Θράκη,"Σά δέν έχ΄ς άλογο, πάρε ένα γαϊδούρι",Σκύρος,Ιωάννινα
75728,East Thrace,Αρκαδία,Ανατολική Θράκη,Ανατολική Θράκη,Κάρπαθος,Επήγε για μαμμή κι εκά(θ)ισε για λουχού,Κάρπαθος,Ρόδος
106392,Laconia,Λακωνία,Λακωνία,Λακωνία,Αιτωλία,Θα μου κλάσης τ' αυγά του γκιώνη μου,Αρκαδία,Λακωνία
115956,Maced.,Αιτωλία,Θράκη,Αχαΐα,Αιτωλία,Αυτός έχ' το κεφάλι τ' στο ντουρβά,Μικρά Ασία,Μακεδονία
68592,Kefalinia,Ιωάννινα,Ιωάννινα,Αιτωλία,Σκύρος,"Ωχ αγάπη μου κουλοτσ' θόπιττα, σ' είδα ψες κι κουλοκόπ' κα",Λέσβος,Ιωάννινα
40261,Epirus,Ήπειρος,Ήπειρος,Λακωνία,Κεφαλληνία,Της καλύτερης προβατίνας κρεμούν τα κουδούνια,Αρκαδία,Ανατολική Θράκη
97985,Cyprus,Κύπρος,Κύπρος,Κύπρος,Κύπρος,Κάλγκιον να βγκη το μμάτισ σου παρά τ' όνομάσ σου,Ρόδος,Κύπρος
114074,Etolia,Αιτωλία,Ανατολική Θράκη,Πόντος,Λέσβος,Έχ' η γούνα του ράμματα,Μακεδονία,Ανατολική Θράκη
56694,Cyprus,Κύπρος,Κύπρος,Κύπρος,Κύπρος,Γιατρού μαμμούς τζαι ράφτενας μεμ πής τηγ γνώμησ σου,Κύπρος,Κύπρος
30520,Heptanese,Επτάνησος,Επτάνησος,Επτάνησος,Επτάνησος,"Από βραδύς καλά, και την αυγή τρεχάλα!",Επτάνησος,Αχαΐα
116414,Rodos,Ρόδος,Κρήτη,Ρόδος,Κρήτη,"Απού θέλει να πηδήξη, πρέπει και να συντηρήξη",Κρήτη,Κρήτη
102035,Skyros,Σκύρος,Σκύρος,Σκύρος,Σκύρος,Της κατσής ψ... τσαι τα μαλλιά τση φταίνε,Σκύρος,Κάρπαθος
110829,Asia Minor,Πόντος,Πόντος,Αρκαδία,Αρκαδία,Τον έκανε πέντε παραδιώ,Ανατολική Θράκη,Ανατολική Θράκη
99967,Crete,Αρκαδία,Κρήτη,Αχαΐα,Αμοργός,Δεν σ' αγαπάει η πεθερά σου,Θεσπρωτία,Αρκαδία
84803,Rodos,Αμοργός,Αμοργός,Αμοργός,Λακωνία,"Κάμε ότι πρέπει κι' ας γίνη ό,τι θέλει",Λακωνία,Κεφαλληνία
29477,Evia,Επτάνησος,Επτάνησος,Επτάνησος,Επτάνησος,"Ά δεν είμαστ΄ ούχοι όμοιοι, πρώτος νόμος είν΄ ο γρόθος",Επτάνησος,Επτάνησος
85015,Ioannina,Ήπειρος,Ήπειρος,Ήπειρος,Ρόδος,Καιρός για φίλου σπίτι,Λακωνία,Εύβοια
118621,Rodos,Θράκη,Θράκη,Θράκη,Θράκη,Ποντέ γυρίσνα οι Οβριοί πέ το θέρο,Θράκη,Θράκη
15933,Naxos,Επτάνησος,Νάξος,Επτάνησος,Νάξος,Λόος π' ακουστή ψοματινός δεν είναι,Νάξος,Νάξος
42508,Thrace,Επτάνησος,Κεφαλληνία,Κεφαλληνία,Επτάνησος,"Δεν είσαι ξένη του σπιτιού, είναι π' αποξενεύεσαι",Κεφαλληνία,Κεφαλληνία
55219,Thrace,Θράκη,Θράκη,Πόντος,Μακεδονία,Ο γάιδαρος 'ς τη σέλα,Κρήτη,Θράκη
25531,Rodos,Ρόδος,Ρόδος,Σκύρος,Πόντος,Πολλές πολλές σουβλιές και μιαν καλαποδιά,Αμοργός,Αμοργός
106664,Arcadia,Ήπειρος,Αρκαδία,Ήπειρος,Πόντος,Τον έκανα να πη το Πάτερ ημών εννιά φορές απ' έξω,Αρκαδία,Αρκαδία
114654,Achaia,Μακεδονία,Μακεδονία,Μακεδονία,Ρόδος,Πήρες τον Θεό 'πο το κεφάλι σου,Μακεδονία,Μακεδονία
101158,Kefalinia,Κεφαλληνία,Κεφαλληνία,Κεφαλληνία,Πόντος,"Η γιωμορφιά στον άθρωπο μεγάλη παρουσία, ωσάν το πολυέλαιο μέσα στην εκκλησία",Σκύρος,Κεφαλληνία
48941,Evia,Ρόδος,Ρόδος,Εύβοια,Ρόδος,Κ' εγώ κακά 'παντρεύτηκα κι' όπου με πηρ' ας κλαίη!,Αχαΐα,Αχαΐα
12861,Lesvos,Αμοργός,Αχαΐα,Μικρά Ασία,Αμοργός,"Όπου πόρτα πόρτα της, κι' όπου αυλή δική της",Ρόδος,Αμοργός
20391,Amorgos,Επτάνησος,Αμοργός,Επτάνησος,Επτάνησος,"Αν είναι μήλον θα μυρίση, κι' αν είναι πορδή, θα βρωμήση",Αμοργός,Αμοργός
12388,East Thrace,Νάξος,Ιωάννινα,Ιωάννινα,Νάξος,"Θελόντας ο Βλάχος και μη θέλοντας ο ζωγράφος, φόρεσε, Χριστέ μου κόκκινα παπούτσα",Ρόδος,Ανατολική Θράκη
89365,East Thrace,Ήπειρος,Ήπειρος,Ανατολική Θράκη,Λακωνία,Του εβάρεσε στο κόκκαλο,Λακωνία,Αρκαδία
50976,Heptanese,Επτάνησος,Επτάνησος,Αρκαδία,Αχαΐα,"Όπου κρυφά παντρεύεται, φανερά πομπεύεται!",Αχαΐα,Αχαΐα
102183,Karpathos,Σκύρος,Σκύρος,Κύπρος,Σκύρος,"Τσυρζατσής χαρά, Δευτέρας θλίψι",Σκύρος,Σκύρος
387,Evia,Κάρπαθος,Αρκαδία,Κάρπαθος,Νάξος,Η α' σημη έχει ριζικό κι' η ακαμάτρα μοίρα,Εύβοια,Αρκαδία
109670,Epirus,Κεφαλληνία,Αμοργός,Ανατολική Θράκη,Ιωάννινα,Έχει τ' αλεύρι απλωμένο,Ανατολική Θράκη,Αρκαδία
101323,Lesvos,Αιτωλία,Αιτωλία,Κεφαλληνία,Αιτωλία,Κούρακας κουράκου μάτ' δε βγάνει,Σκύρος,Εύβοια
67803,Achaia,Επτάνησος,Αχαΐα,Ρόδος,Επτάνησος,"Στον ξένον τόπο, ξένε μου, κάνε και συ όπως κάνουν",Κεφαλληνία,Επτάνησος
45855,Kefalinia,Κρήτη,Κρήτη,Ανατολική Θράκη,Αμοργός,Άλλη μάννα δεν έκαμε παρά η Μαργιά το Γιάννη,Αχαΐα,Κρήτη
52060,Thesprotia,Εύβοια,Κεφαλληνία,Ανατολική Θράκη,Ανατολική Θράκη,Τα μάτια του πετάνε σπίθαις,Αχαΐα,Ανατολική Θράκη
8705,Amorgos,Ήπειρος,Νάξος,Νάξος,Λακωνία,Το γρόθο στο μαχαίρι,Ήπειρος,Θράκη
20369,Amorgos,Αμοργός,Αμοργός,Θεσπρωτία,Επτάνησος,"Αν δεν ξοδιάσης, δεν σοδιάζεις",Αμοργός,Αμοργός
42072,Epirus,Ιωάννινα,Ιωάννινα,Νάξος,Λακωνία,Του καλού ανδρός τ' αλεύρι λαλαγγίτες και κουλούρες,Ιωάννινα,Κεφαλληνία
78010,Pontos,Πόντος,Πόντος,Πόντος,Πόντος,"Αν έζησες, έζησες κι αν κ' έζησες απ' εκεί πλάν' χωρίον κ' εν",Πόντος,Πόντος
113928,Maced.,Μακεδονία,Μακεδονία,Μακεδονία,Μακεδονία,Ας με πουν Κυρά Μπεΐνα κ' ας πεθάνω 'πο την πείνα,Μακεδονία,Εύβοια
38556,East Thrace,Ανατολική Θράκη,Ανατολική Θράκη,Ανατολική Θράκη,Ανατολική Θράκη,"Εδούλεψα κι έφαγα, ευχαριστώ τα χέρια μου",Αρκαδία,Αμοργός
16797,Naxos,Νάξος,Νάξος,Νάξος,Νάξος,Που βαστά καλά βαστά,Νάξος,Νάξος
61451,Kefalinia,Θεσπρωτία,Κεφαλληνία,Κρήτη,Αμοργός,Δυό σπασμένοι νικάν τον αντρειωμένονε,Αρκαδία,Κρήτη
64748,Crete,Αχαΐα,Λακωνία,Επτάνησος,Νάξος,Το διακονίκι είναι βασιλίκι,Κρήτη,Εύβοια
109264,Thesprotia,Αμοργός,Επτάνησος,Επτάνησος,Αμοργός,Άλλος αρέσει τον παππά κι' άλλος την παππαδιά,Ανατολική Θράκη,Θεσπρωτία
88506,Thrace,Θεσπρωτία,Θεσπρωτία,Θεσπρωτία,Θεσπρωτία,Τα μακαρόνια κι ο γάμος χρειάζονται ζεστά,Λακωνία,Εύβοια
30574,Heptanese,Επτάνησος,Επτάνησος,Επτάνησος,Αμοργός,Από πράμμα βέβαιο δεν είν' όξ' ο θάνατος,Επτάνησος,Κεφαλληνία
1513,Karpathos,Ήπειρος,Κάρπαθος,Κάρπαθος,Πόντος,Χαρά 'ς ν  γκαρδιά σ'!,Ήπειρος,Αιτωλία
87768,Epirus,Αρκαδία,Αρκαδία,Ήπειρος,Αρκαδία,Ποιος έχιε τα γρόσια στο σακκί έχει τη γνώση όλη,Λακωνία,Ρόδος
115755,Laconia,Κάρπαθος,Λακωνία,Κάρπαθος,Θράκη,Κοντά 'ς το νου κ' η γνώση,Μικρά Ασία,Κεφαλληνία
848,Lesvos,Λέσβος,Λέσβος,Επτάνησος,Λέσβος,Οι γναίτσις χαλούν τσι οι γναίτσις κάνιν τς ανθρώπ΄,Λέσβος,Λέσβος
24507,Evia,Νάξος,Εύβοια,Αμοργός,Νάξος,Ο οκνιάρης είν΄ κι΄ υπνιάρης,Αμοργός,Ρόδος
51000,Maced.,Μικρά Ασία,Ρόδος,Πόντος,Κρήτη,Όπου φτύνουν πολλοί γίνεται λίμνα,Αχαΐα,Λακωνία
100036,Laconia,Κρήτη,Θράκη,Κρήτη,Κρήτη,"Ζίτσα και Καρίτσα, Ψυχή μου Ραδοτόβι...Νάτανε και η Ζέλοβα πουτανοχώρι...",Θεσπρωτία,Κρήτη
83175,Kefalinia,Ρόδος,Ρόδος,Αχαΐα,Αμοργός,Δυο χρονών το παιδί μας κι' έλεγε τον λύχνο μύχο,Λακωνία,Ανατολική Θράκη
51109,Epirus,Θεσπρωτία,Μακεδονία,Αιτωλία,Κύπρος,"Όταν ο κασσιδιάρης κάμη μαλλιά, χάμου δέμ πατάει",Αχαΐα,Αχαΐα
43583,Kefalinia,Λακωνία,Κεφαλληνία,Κεφαλληνία,Κύπρος,Κάλλιο το σκεπασμένο τζουκάλι παρά το ξέσκεπο,Επτάνησος,Κεφαλληνία
5399,Epirus,Επτάνησος,Ήπειρος,Επτάνησος,Αρκαδία,Έχει ο αφέντης αφέντη,Κεφαλληνία,Λακωνία
105506,Thrace,Αμοργός,Αμοργός,Αμοργός,Αμοργός,Τον άφηκεν γρούλιον,Αρκαδία,Αμοργός
55167,East Thrace,Αμοργός,Ανατολική Θράκη,Αιτωλία,Ανατολική Θράκη,"Με την αράδα σου θα πάς, αν είσαι και παπάς",Κρήτη,Ανατολική Θράκη
38358,Evia,Εύβοια,Εύβοια,Λακωνία,Εύβοια,Δός μου αγέρα καί μέτρα μίλια,Αρκαδία,Αμοργός
100152,Laconia,Λακωνία,Λακωνία,Λακωνία,Θεσπρωτία,Λέγε – λέγε το κοπέλι κάνει την κυρά και θέλει,Θεσπρωτία,Θεσπρωτία
11951,Rodos,Ρόδος,Ρόδος,Αμοργός,Κύπρος,"Απήανο κι αλάβανο κι άλλον εν βοτάνο, να το 'ξέραν οι κοπέλες ποτέ κακό δεν επαθθαίναν",Ρόδος,Ρόδος
39091,Naxos,Νάξος,Νάξος,Νάξος,Αρκαδία,Κατά που βλέπεις μαθάνεις,Αρκαδία,Νάξος
21514,Heptanese,Επτάνησος,Επτάνησος,Αμοργός,Αχαΐα,"Ένας, καένας!",Αμοργός,Σκύρος
81575,Epirus,Ήπειρος,Ήπειρος,Ήπειρος,Αιτωλία,Κάλλια τ' αρχίδια του γαμβρού παρά τα μάτια του παιδιού,Ήπειρος,Ιωάννινα
41266,Thesprotia,Θεσπρωτία,Θεσπρωτία,Θεσπρωτία,Αιτωλία,Ο φαγάς στην ώρα του κι ακριβός ούτε καθόλου,Νάξος,Αχαΐα
46802,Arcadia,Αχαΐα,Αχαΐα,Αχαΐα,Αχαΐα,Αυτός είναι για τον άλυσο,Αχαΐα,Αχαΐα
63439,East Thrace,Ανατολική Θράκη,Ανατολική Θράκη,Ανατολική Θράκη,Ανατολική Θράκη,Κάνεις το λογαριασμό χωρίς τον ξενοδόχο,Κρήτη,Ανατολική Θράκη
96746,Epirus,Μακεδονία,Μακεδονία,Μακεδονία,Λέσβος,"Ποιός έχ' τη μύγα, μυγιάζιτι",Μακεδονία,Σκύρος
86533,Cyprus,Κάρπαθος,Κάρπαθος,Αρκαδία,Ρόδος,"Ο πλούσιος που παρακαλεί τό θεό, κακό έχει ς το νου του",Λακωνία,Κεφαλληνία
109880,Thrace,Θράκη,Αμοργός,Εύβοια,Θράκη,Κάνει τον άγιο Ονούφριο,Ανατολική Θράκη,Θράκη
46831,Achaia,Αχαΐα,Αχαΐα,Αχαΐα,Αχαΐα,Αυτός είναι Ιούδας ο προδόττης και δόλιος,Αχαΐα,Αχαΐα
48595,Epirus,Ήπειρος,Λέσβος,Ιωάννινα,Νάξος,Η Θοδωρούλα 'σήκωσε κόκκινο μπαϊράκι,Αχαΐα,Αχαΐα
105722,Laconia,Λακωνία,Λακωνία,Κεφαλληνία,Αρκαδία,Ε καλά μόσκασε η κοιλιά,Ήπειρος,Εύβοια
106458,Achaia,Κεφαλληνία,Θεσπρωτία,Επτάνησος,Λέσβος,Μας πουλάει όλους για μισού παρά λεμπεμπλιά,Αρκαδία,Θράκη
114835,Thesprotia,Κεφαλληνία,Κρήτη,Κεφαλληνία,Αρκαδία,Το μεθυσμένο μη σκουντάς θα πέση μοναχός του,Μακεδονία,Λακωνία
48678,Kefalinia,Αρκαδία,Αρκαδία,Κεφαλληνία,Αχαΐα,Η παντρειά είναι σκλαβιά!,Αχαΐα,Αχαΐα
109624,Heptanese,Κάρπαθος,Κάρπαθος,Κεφαλληνία,Κεφαλληνία,Έκαμε κουμπάρα τή δουλειά,Ανατολική Θράκη,Αρκαδία
34120,Evia,Εύβοια,Επτάνησος,Επτάνησος,Σκύρος,Οι κουτοί βαστούνε τσου έξυπνους,Επτάνησος,Κεφαλληνία
61328,Asia Minor,Αιτωλία,Σκύρος,Κύπρος,Λέσβος,Άθριπους αγράμματους ξύλου απελέτσητου,Λέσβος,Λέσβος
4184,Thrace,Θράκη,Κάρπαθος,Μικρά Ασία,Αρκαδία,Τοξώνω τηρ ράσιαν,Πόντος,Κύπρος
18095,Arcadia,Νάξος,Εύβοια,Εύβοια,Νάξος,Ένα χρόνο κι' ένα μήνα έγνεθ' ένα 'δράχτι νήμα τι 'βανε και στο ραφάκι το 'φαγε τι ποντικάκι,Θράκη,Λακωνία
58717,Ioannina,Κύπρος,Κύπρος,Κύπρος,Κύπρος,"Οι πόρτες εγ για ναβ βαδωμένες, τζαι τα παραθύρκα ανοιχτά",Κύπρος,Κύπρος
68784,Kefalinia,Λέσβος,Λέσβος,Σκύρος,Αιτωλία,Απ' τα ίδια πάστα είνι,Αιτωλία,Αιτωλία
15406,Rodos,Νάξος,Νάξος,Λακωνία,Θεσπρωτία,"Εώ σου λέω να κάμης χίλια πρόβατα (ή: ζα), εσύ δεν θες; ... νοργιά (ή: τρίχα) (ή: τρίχα να μην απολάψης)",Νάξος,Νάξος
63233,Laconia,Νάξος,Νάξος,Νάξος,Νάξος,Η ζούλια νά 'τανε ψώρα θα κολλούσεν όλη η χώρα,Μικρά Ασία,Αμοργός
55696,Crete,Σκύρος,Σκύρος,Θεσπρωτία,Σκύρος,Άνεμος στα πίσω σου τσαί δαυλός στον κώλο σου,Κύπρος,Κάρπαθος
106049,Epirus,Θράκη,Θράκη,Επτάνησος,Πόντος,Σάματ θά να βγάνω το χσό το δόντι,Ήπειρος,Εύβοια
67416,Thesprotia,Ανατολική Θράκη,Θεσπρωτία,Ανατολική Θράκη,Θεσπρωτία,"Πάντρεψέ με μακριά, να ξέρω να παινιώμαι",Κεφαλληνία,Θεσπρωτία
15876,Naxos,Νάξος,Νάξος,Νάξος,Νάξος,Κι' εσύ κακό χειρόβολο κι' εω κακό δεμάτι,Νάξος,Νάξος
840,Lesvos,Λέσβος,Λέσβος,Μικρά Ασία,Λέσβος,"Όποιος δεν έχ' γέρου, γέρουν αγοράζ'",Λέσβος,Ιωάννινα
106511,Heptanese,Επτάνησος,Επτάνησος,Επτάνησος,Αρκαδία,Ο παππάς παππά δε θέλει,Αρκαδία,Εύβοια
1450,Lesvos,Ιωάννινα,Επτάνησος,Ιωάννινα,Ιωάννινα,Τα ήθελες κι τα ήθελα,Ήπειρος,Μικρά Ασία
76460,Etolia,Αρκαδία,Αιτωλία,Αιτωλία,Αρκαδία,Δεν έχει κούνναν μυαλόν,Κάρπαθος,Αμοργός
100070,East Thrace,Ανατολική Θράκη,Ανατολική Θράκη,Ήπειρος,Αρκαδία,Κάθε μέρα Πασχαλιά;,Θεσπρωτία,Ανατολική Θράκη
11902,Ioannina,Ιωάννινα,Ιωάννινα,Ιωάννινα,Αρκαδία,Αγέρα κοπανίζει,Ρόδος,Ιωάννινα
96972,Asia Minor,Θράκη,Μικρά Ασία,Κύπρος,Κύπρος,"Παλαμίδα σε μυρίζει, ντειμεντέν να φας κολοιό",Θράκη,Μικρά Ασία
69359,Etolia,Αιτωλία,Αιτωλία,Λέσβος,Αιτωλία,Έχου πουλλά μαζουμένα,Αιτωλία,Ιωάννινα
76677,Arcadia,Ρόδος,Κάρπαθος,Επτάνησος,Κάρπαθος,Ως τα που να 'σαι λεύτερη θ' αστράφτουν οι ποδιές σου να παντρευτής να γκαστρωθείς να (δ)ω τις ομορφιές σου,Κάρπαθος,Ρόδος
101064,Skyros,Σκύρος,Σκύρος,Σκύρος,Σκύρος,Έπαν του τρελλού να χέσει τσ' έκατσε τσαί ξεκολώθη!,Σκύρος,Σκύρος
8690,Cyprus,Κύπρος,Κύπρος,Κύπρος,Ανατολική Θράκη,Ταγώγι ξυπνά τον αγωγιάτη,Ήπειρος,Αμοργός
111214,Thesprotia,Αιτωλία,Ρόδος,Μακεδονία,Αιτωλία,Μι γκάστρουσις,Αιτωλία,Αιτωλία
41589,Thesprotia,Θεσπρωτία,Θεσπρωτία,Θεσπρωτία,Λέσβος,"Δεμένος γαϊδαρος, αναπαμένος νοικοκύρης",Ιωάννινα,Ανατολική Θράκη
67483,Laconia,Κρήτη,Λακωνία,Λακωνία,Λακωνία,"Περσότερες μύγες πιάνεις με το μέλι, παρά με το ξίδι",Κεφαλληνία,Ανατολική Θράκη
106096,Thesprotia,Σκύρος,Σκύρος,Νάξος,Λακωνία,Τι κάνεις; - Αποκάνει,Ήπειρος,Κρήτη
29598,Heptanese,Επτάνησος,Επτάνησος,Επτάνησος,Λέσβος,Άλλαις χαραίς δεν του μειναν όξ' απ' τση ξέναις πίκραις,Επτάνησος,Επτάνησος
51661,Laconia,Νάξος,Λακωνία,Νάξος,Λακωνία,Ρίξε μου να σου ρίξω: λέει η κόττα!,Αχαΐα,Λακωνία
94619,Pontos,Πόντος,Πόντος,Πόντος,Πόντος,"Αν εν, Χριστός ανέστη, αν 'κ' εν, θάνατον πατήσας",Πόντος,Μικρά Ασία
110654,Etolia,Αρκαδία,Αρκαδία,Αρκαδία,Αρκαδία,Τα έκαμε γυαλιά – καρφιά,Ανατολική Θράκη,Αρκαδία
46862,Naxos,Αχαΐα,Αχαΐα,Αχαΐα,Αχαΐα,Αυτός είναι λειψός,Αχαΐα,Αχαΐα
83628,Achaia,Λακωνία,Λακωνία,Λακωνία,Αμοργός,Έχει τον παρά και κουβεντιάζει,Λακωνία,Ήπειρος
25141,East Thrace,Νάξος,Αμοργός,Αμοργός,Νάξος,"Οσά ΄χει κανείς, τόσα και ξοδεύγει",Αμοργός,Νάξος
75840,Karpathos,Κάρπαθος,Κάρπαθος,Κάρπαθος,Κάρπαθος,"Ήρταν οι κριοί, να ΄βγάλουν τα πρού(β)ατα",Κάρπαθος,Κάρπαθος
41275,Amorgos,Αμοργός,Αμοργός,Αμοργός,Αιτωλία,"Όποιος γέρος δεν κρατεί, θέλει δέκα μέσ' αυτή",Νάξος,Επτάνησος
63839,Kefalinia,Εύβοια,Μικρά Ασία,Κεφαλληνία,Κεφαλληνία,"Ξένο άλογο κάνεις καβάλλα, γλήγορα ξεκαβαλικεύεις",Κρήτη,Κεφαλληνία
10445,Skyros,Σκύρος,Αρκαδία,Σκύρος,Λέσβος,Τα άσπρα για τις μαύρες μέρες,Θράκη,Αρκαδία
107233,Etolia,Αιτωλία,Αιτωλία,Πόντος,Λέσβος,Ιγώ π' έπαθα ξέρου,Λέσβος,Ιωάννινα
107070,Laconia,Αρκαδία,Λακωνία,Λακωνία,Λακωνία,Πότε Πάσχα και πότε Φάσκα,Θράκη,Λακωνία
44246,Evia,Εύβοια,Θεσπρωτία,Εύβοια,Μικρά Ασία,Τί λες; Βρήκ' η νύφη του υνί πίσου που την πόρτα;,Μακεδονία,Εύβοια
116394,Epirus,Νάξος,Κρήτη,Αχαΐα,Ρόδος,"Απου 'χει πράμα έχει το, κι' απου το βλέπει, τρώει το",Κρήτη,Κρήτη
67287,Kefalinia,Κεφαλληνία,Κεφαλληνία,Κεφαλληνία,Κεφαλληνία,"Ότα διψά η αυλή σου για νερό, παρόξου μην το χύνης",Κεφαλληνία,Κεφαλληνία
15422,Thesprotia,Νάξος,Ανατολική Θράκη,Ανατολική Θράκη,Αχαΐα,Ζόρι ζορινά Χριστός ανέστη,Νάξος,Θράκη
59720,Kefalinia,Κεφαλληνία,Κεφαλληνία,Πόντος,Κρήτη,Ξένο άλογο καλλίκεψες; Μεσοστρατίς θα μείνης,Εύβοια,Εύβοια
8881,East Thrace,Πόντος,Λέσβος,Λέσβος,Πόντος,"Δεν φταν' τ' σκοντάφτς, ύστερα σι λεν κ' τύφλα",Μακεδονία,Μακεδονία
66384,Heptanese,Επτάνησος,Ρόδος,Επτάνησος,Επτάνησος,"Καρδάκης ο περήφανος, Πετρικός πέτρα αγροίκητη, ο Νυφιώτης παλληκάρι, Αγκωνιάτης προσκυνώ ... κι ο Αθεριάνος είν' θεριό",Κεφαλληνία,Κρήτη
42825,Cyprus,Κύπρος,Κύπρος,Κύπρος,Κύπρος,Έκαμέν τα άνεμον τζαί καπνον,Κύπρος,Κύπρος
63540,Maced.,Μακεδονία,Μακεδονία,Μακεδονία,Μακεδονία,Κίνησεν ο Οβριός και βρέθηκεν Σαββάτο,Μικρά Ασία,Μακεδονία
41490,Crete,Ιωάννινα,Κρήτη,Επτάνησος,Ιωάννινα,Άλλο ν' το ιδής κι άλλο ν' τ' ακούσης,Ιωάννινα,Αμοργός
35948,Thrace,Κεφαλληνία,Κρήτη,Κεφαλληνία,Κρήτη,"Τί τα θές τ' αλλοιότικα, παρά για να ζουρλαίνεσαι",Επτάνησος,Κεφαλληνία
43391,Evia,Μακεδονία,Λακωνία,Μακεδονία,Πόντος,Εγλυκάθη η γραία στα σύκα κι' όλ' ημέρα τ' αναζητά,Επτάνησος,Κρήτη
590,Asia Minor,Μικρά Ασία,Μικρά Ασία,Νάξος,Μικρά Ασία,Τον αράπη κι αν λευχάνης το σαπούνι σου το χάνεις,Εύβοια,Μικρά Ασία
75942,Maced.,Κάρπαθος,Κάρπαθος,Αρκαδία,Κάρπαθος,Κατά τα σα(γ)όνια και τα γένεια,Κάρπαθος,Κάρπαθος
77651,Pontos,Πόντος,Πόντος,Πόντος,Πόντος,Εχτάλειψεν ο πετεινόν κ' εύρεν τη γούλασ ατ το μαχαίρ,Πόντος,Πόντος
69703,Thrace,Αιτωλία,Αιτωλία,Μακεδονία,Αιτωλία,Θα τουν κάμου γω να με γλέπ' κι να φεύγ' σαράντα σύνορα,Αιτωλία,Αιτωλία
56561,Cyprus,Σκύρος,Κύπρος,Σκύρος,Ιωάννινα,Αρφός τ' αρφού βοήθκεια,Κύπρος,Εύβοια
59713,Heptanese,Επτάνησος,Επτάνησος,Επτάνησος,Αμοργός,Μάτια δεν έχει δάκρυα ΄πό που θα βγούνε;,Εύβοια,Κεφαλληνία
102107,Skyros,Σκύρος,Σκύρος,Σκύρος,Σκύρος,Τόνα τ' ποδάρζι έναι μες στο λάκκο,Σκύρος,Σκύρος
27682,Thesprotia,Θεσπρωτία,Θεσπρωτία,Θεσπρωτία,Θεσπρωτία,Κι η πίττα σωστή κι ο σκύλλος χορτάτος,Θεσπρωτία,Θεσπρωτία
110720,Heptanese,Πόντος,Επτάνησος,Αμοργός,Πόντος,"Τι καλόν ή τι τερπνόν, ή το κατοικείν αδελφούς επί ταύτω;",Ανατολική Θράκη,Επτάνησος
100000,Epirus,Ήπειρος,Ήπειρος,Πόντος,Πόντος,Έναν τον έπαιρνε το ποτάμι κι' άλλος τούλεγε: Άσπρον κώλο πώχεις στάσ' να σε γαμήσω,Θεσπρωτία,Ήπειρος
80011,Ioannina,Αρκαδία,Κύπρος,Κύπρος,Θεσπρωτία,Αγώι (τ') ξυπνάει τον αγωγιάτη,Θεσπρωτία,Νάξος
51608,Achaia,Αχαΐα,Αχαΐα,Αχαΐα,Αχαΐα,"Πουλιέται η γκαμήλα για ένα γρόσι, που 'ν' το γρόσι!",Αχαΐα,Αχαΐα
19753,Laconia,Κρήτη,Θεσπρωτία,Μικρά Ασία,Ρόδος,"Έχει ο Θεός, αλλά έχει και πολλά παιδιά",Μακεδονία,Μακεδονία
50184,Evia,Εύβοια,Εύβοια,Λακωνία,Θεσπρωτία,Ο γραμματισμένος φαίνεται απ' το γράψιμο του,Αχαΐα,Αχαΐα
98084,Rodos,Σκύρος,Ρόδος,Σκύρος,Σκύρος,"Που καή στη φάτση, φυσά τσαι τον αξύαλο",Ρόδος,Εύβοια
78050,Pontos,Πόντος,Πόντος,Πόντος,Πόντος,Κα θα έναν αιγίδ ας σο πατσάγ κρεμάν ατό,Πόντος,Πόντος
68157,Asia Minor,Ιωάννινα,Μικρά Ασία,Ρόδος,Αιτωλία,Το Μάρτη βάλ' αργάτες κι' ασ' τους να ψυλλίζωνται,Κεφαλληνία,Ρόδος
18906,Heptanese,Αχαΐα,Νάξος,Νάξος,Κρήτη,Αν ήκουε ο Θεός των κουρουνώ δε θα ΄μενε γάδαρος στο βουνό!,Αμοργός,Αχαΐα
29929,Naxos,Νάξος,Επτάνησος,Νάξος,Αχαΐα,Άχερα θα λες και τρων οι άλλοι!,Επτάνησος,Επτάνησος
26630,East Thrace,Ρόδος,Ρόδος,Ρόδος,Νάξος,Το βελουδένιο πάπλωμα θέλει κι οξύ σεντόνι και μαξιλαρια κεντητά και κόρην κρυσταλλένια,Αμοργός,Αμοργός
102221,Skyros,Σκύρος,Σκύρος,Σκύρος,Σκύρος,"Ως να σ'κωσ' τονα τ' ποδάρζι, βρωμά τ' άλλο!",Σκύρος,Σκύρος
56288,Cyprus,Κύπρος,Κύπρος,Κύπρος,Κύπρος,"Αμ μεν αρκήση στογ γιαλόν, εγ κάμν' η πέτρα ρίζες",Κύπρος,Κύπρος
42494,Thrace,Θράκη,Θράκη,Ανατολική Θράκη,Θράκη,Από το παστό στο λουκάνικο,Κεφαλληνία,Ήπειρος
909,Lesvos,Λέσβος,Λέσβος,Λέσβος,Λέσβος,"Σκάς αυγό, για χύνισι;",Λέσβος,Λέσβος
100852,Skyros,Σκύρος,Σκύρος,Σκύρος,Σκύρος,"Βαθά μ' η νύχτα τσ' η γιαυγή, σα νάχου μάννα τσ' αδερφή",Σκύρος,Σκύρος
12672,Rodos,Ρόδος,Ρόδος,Ρόδος,Ρόδος,"Νά λείπαν τά πιπέρια μου, νά 'δώ τές μαειριές σου",Ρόδος,Ρόδος
54898,Amorgos,Κάρπαθος,Κεφαλληνία,Κάρπαθος,Επτάνησος,Βρωμεί δε βρωμεί ο δάχτυλός σου δικός σου είναι,Κρήτη,Ιωάννινα
80027,Skyros,Σκύρος,Σκύρος,Μικρά Ασία,Ανατολική Θράκη,"Αν θες καλά ν' ακούς, μάθε καλά να λέγης",Θεσπρωτία,Αμοργός
116525,Ioannina,Κρήτη,Κρήτη,Νάξος,Κρήτη,Ήκαμε την αμπελική ντου,Κρήτη,Κρήτη
38927,Achaia,Αρκαδία,Αχαΐα,Αρκαδία,Αρκαδία,Κάθε μουρλός έχει τη γνώσι του,Αρκαδία,Αρκαδία
91128,Asia Minor,Αιτωλία,Εύβοια,Μικρά Ασία,Αιτωλία,Μάννα μ' αντρειουμένους που 'ταν,Ιωάννινα,Ρόδος
3562,Pontos,Πόντος,Πόντος,Κύπρος,Πόντος,Κωδώνιν λαλίαν έσει,Πόντος,Πόντος
65996,Evia,Κρήτη,Κρήτη,Κρήτη,Ιωάννινα,Η γέρος διμονίζεται κι' η γ'γιά πηδά τα κάρ'να,Λέσβος,Ιωάννινα
85683,Achaia,Ανατολική Θράκη,Ανατολική Θράκη,Ανατολική Θράκη,Λακωνία,Με το κόσκινο τραβά νερό,Λακωνία,Λακωνία
94207,Crete,Εύβοια,Αμοργός,Αμοργός,Αιτωλία,Είδες μαύρο; Μήδε γαλανό,Κρήτη,Αρκαδία
103833,Rodos,Αμοργός,Αμοργός,Κρήτη,Κρήτη,Των πρώτων τα πατήματα γεφύρι των δεφτέρων,Λακωνία,Εύβοια
107829,Arcadia,Κάρπαθος,Αρκαδία,Αρκαδία,Πόντος,Κακός εργάτης άσχημα εργαλεία,Θράκη,Αχαΐα
101517,Skyros,Ιωάννινα,Αιτωλία,Αιτωλία,Σκύρος,Ξυπνό π' λί απ' τη μύτ' πιάνεται,Σκύρος,Σκύρος
77108,Kefalinia,Θεσπρωτία,Κεφαλληνία,Αμοργός,Αμοργός,Κακό σέ κείνον σέ κείνον πού λείπει από τό γάμο του,Κεφαλληνία,Λέσβος
27417,Achaia,Αμοργός,Αχαΐα,Αχαΐα,Αμοργός,Αγάπα τον πλησίον σου με τα ελαττώματά του,Θεσπρωτία,Αρκαδία
44394,Crete,Επτάνησος,Νάξος,Επτάνησος,Αμοργός,Χέρι που δεν πάρη τόπος δεν αδειάζει,Επτάνησος,Κρήτη
75499,Heptanese,Κρήτη,Κρήτη,Ιωάννινα,Αιτωλία,"Απού προεστός, κράτης",Κάρπαθος,Κρήτη
26508,Naxos,Νάξος,Νάξος,Λακωνία,Νάξος,Τα ψαρτικά κι' ο νεκρός στ' ανάθεμα,Αμοργός,Νάξος
21821,Thrace,Σκύρος,Σκύρος,Ανατολική Θράκη,Κεφαλληνία,"Εις πολλά έτη, Δέσποτα !",Αμοργός,Σκύρος
100761,Skyros,Σκύρος,Σκύρος,Σκύρος,Σκύρος,Αν έχεις Μέρα διάβαινε τσαι ρζιζ'κο περπάτειε,Σκύρος,Σκύρος
76480,Karpathos,Κάρπαθος,Κάρπαθος,Κάρπαθος,Αρκαδία,Έκαμε κι' οκνός καλό μια τρύπαν εις το νερό,Κάρπαθος,Ρόδος
9018,Maced.,Μακεδονία,Μακεδονία,Θράκη,Πόντος,"Μ' όποιον παγαίντς, τέτοιος θα γέντς",Μακεδονία,Μακεδονία
84731,Arcadia,Ήπειρος,Αρκαδία,Ρόδος,Αρκαδία,Κάλλια κόμπο στο ζουνάρι πάρα κόμπο στο μαντήλι,Λακωνία,Κρήτη
659,Thrace,Λέσβος,Λέσβος,Λέσβος,Λέσβος,Ακούιτι ένας λόγους,Λέσβος,Λέσβος
39869,East Thrace,Κεφαλληνία,Ανατολική Θράκη,Αχαΐα,Ανατολική Θράκη,"Ούτε πρόβατο χωρίς μαλλί, ούτε νέος χωρίς αγαπητική",Αρκαδία,Ανατολική Θράκη
84068,Evia,Εύβοια,Εύβοια,Εύβοια,Κάρπαθος,Επήγε αχλάδι κι εγύρισε αχλάειδο (γκόρτσο),Λακωνία,Ρόδος
94408,Evia,Αιτωλία,Νάξος,Εύβοια,Αιτωλία,Του Μαρτιού τ' απόι σίδερα κι' αθρώπους κόβγει,Κρήτη,Κρήτη
103959,Ioannina,Ιωάννινα,Ιωάννινα,Ιωάννινα,Μακεδονία,Βαν' κ' η πορδού τον άντρα τ'ς ίσα με τ'ς δώδεκα,Μακεδονία,Θράκη
72687,Asia Minor,Ιωάννινα,Μικρά Ασία,Ανατολική Θράκη,Ιωάννινα,Η αλεπού δέκα χρονού τ' αλεπουδάκι δώδεκα,Μικρά Ασία,Μικρά Ασία
59057,Cyprus,Κύπρος,Κύπρος,Κύπρος,Κύπρος,"Πωρνόσ στησ στράταν, τζ' ενωρίς στο κονατζιν",Κύπρος,Κύπρος
115268,Laconia,Λακωνία,Λακωνία,Λακωνία,Λακωνία,"Χίλια μαύρα, ένα άσπρο",Θράκη,Ανατολική Θράκη
27465,Ioannina,Νάξος,Ιωάννινα,Εύβοια,Ρόδος,Ανάθεμα στο έθιμο και εκείνο που το βρήκε,Θεσπρωτία,Ιωάννινα
94996,Amorgos,Πόντος,Πόντος,Πόντος,Πόντος,Εθαρρείς κι έσκισες το μήλον κ' εποίκες α δύο,Πόντος,Πόντος
115356,Skyros,Σκύρος,Σκύρος,Σκύρος,Σκύρος,Αλλού τ' όνειρο τσ' αλλού το θάμα,Εύβοια,Σκύρος
31231,Thesprotia,Κρήτη,Κρήτη,Κρήτη,Ρόδος,"Θέλει τρούχισμα και ο νους, σαν που και κάθε σύνεργο",Επτάνησος,Αμοργός
103445,Maced.,Αιτωλία,Μακεδονία,Αιτωλία,Θεσπρωτία,Πιάνω πιρνού ρίζα,Μικρά Ασία,Μακεδονία
17098,Naxos,Αμοργός,Νάξος,Νάξος,Επτάνησος,"Τα μικρά δεν ήθελες τα μεγάλα ΄ύρευγες, τράβα, ΄έρο διάολε",Νάξος,Κάρπαθος
4045,Laconia,Πόντος,Πόντος,Ήπειρος,Αιτωλία,Τη Κουκουλίτ' ο γάμον,Πόντος,Πόντος
34186,Heptanese,Επτάνησος,Επτάνησος,Επτάνησος,Κεφαλληνία,"Οι ρωμιοί δε συμφωνούνε, πάρ' άντας θε να κατουρήσουνε",Επτάνησος,Κεφαλληνία
102085,Karpathos,Αρκαδία,Κάρπαθος,Κεφαλληνία,Αρκαδία,Το ξένε μες στο σπίτι σου για μάρτυρα τεν έχεις,Σκύρος,Κρήτη
52994,Heptanese,Επτάνησος,Επτάνησος,Αχαΐα,Αχαΐα,"Του φαίνεται πως ευτός είναι, κι άλλος δεν είναι",Αχαΐα,Αμοργός
116801,East Thrace,Θεσπρωτία,Ανατολική Θράκη,Κρήτη,Θεσπρωτία,"Ποιος θα παινέση το γαμπρό; Η νύφη, αν είναι και στραβός",Κρήτη,Θεσπρωτία
7368,Rodos,Αμοργός,Ρόδος,Αμοργός,Αμοργός,"Αν ήταν η δουλειά καλή, έκαμέν την κι ο καδής",Ρόδος,Ρόδος
100785,Skyros,Σκύρος,Σκύρος,Σκύρος,Σκύρος,Απάν' τσαί ξαπάνου!,Σκύρος,Σκύρος
